,_id,Cement (component 1)(kg in a m^3 mixture),Blast Furnace Slag (component 2)(kg in a m^3 mixture),Fly Ash (component 3)(kg in a m^3 mixture),Water  (component 4)(kg in a m^3 mixture),Superplasticizer (component 5)(kg in a m^3 mixture),Coarse Aggregate  (component 6)(kg in a m^3 mixture),Fine Aggregate (component 7)(kg in a m^3 mixture),Age (day),"Concrete compressive strength(MPa, megapascals) "
0,65c21d0abf85afd03721ab7b,540.0,0.0,0.0,162.0,2.5,1040.0,676.0,28.0,79.98611076
1,65c21d0abf85afd03721ab7c,540.0,0.0,0.0,162.0,2.5,1055.0,676.0,28.0,61.88736576
2,65c21d0abf85afd03721ab7d,332.5,142.5,0.0,228.0,0.0,932.0,594.0,270.0,40.269535256
3,65c21d0abf85afd03721ab7e,332.5,142.5,0.0,228.0,0.0,932.0,594.0,365.0,41.052779992
4,65c21d0abf85afd03721ab7f,198.6,132.4,0.0,192.0,0.0,978.4,825.5,360.0,44.296075096
5,65c21d0abf85afd03721ab80,266.0,114.0,0.0,228.0,0.0,932.0,670.0,90.0,47.029847436
6,65c21d0abf85afd03721ab81,380.0,95.0,0.0,228.0,0.0,932.0,594.0,365.0,43.698299404
7,65c21d0abf85afd03721ab82,380.0,95.0,0.0,228.0,0.0,932.0,594.0,28.0,36.447769788
8,65c21d0abf85afd03721ab83,266.0,114.0,0.0,228.0,0.0,932.0,670.0,28.0,45.854290856
9,65c21d0abf85afd03721ab84,475.0,0.0,0.0,228.0,0.0,932.0,594.0,28.0,39.28978986
10,65c21d0abf85afd03721ab85,198.6,132.4,0.0,192.0,0.0,978.4,825.5,90.0,38.074243672
11,65c21d0abf85afd03721ab86,198.6,132.4,0.0,192.0,0.0,978.4,825.5,28.0,28.021683592
12,65c21d0abf85afd03721ab87,427.5,47.5,0.0,228.0,0.0,932.0,594.0,270.0,43.01296026
13,65c21d0abf85afd03721ab88,190.0,190.0,0.0,228.0,0.0,932.0,670.0,90.0,42.32693164
14,65c21d0abf85afd03721ab89,304.0,76.0,0.0,228.0,0.0,932.0,670.0,28.0,47.813781648
15,65c21d0abf85afd03721ab8a,380.0,0.0,0.0,228.0,0.0,932.0,670.0,90.0,52.908319812
16,65c21d0abf85afd03721ab8b,139.6,209.4,0.0,192.0,0.0,1047.0,806.9,90.0,39.358047984
17,65c21d0abf85afd03721ab8c,342.0,38.0,0.0,228.0,0.0,932.0,670.0,365.0,56.141962252
18,65c21d0abf85afd03721ab8d,380.0,95.0,0.0,228.0,0.0,932.0,594.0,90.0,40.563252032
19,65c21d0abf85afd03721ab8e,475.0,0.0,0.0,228.0,0.0,932.0,594.0,180.0,42.620648416
20,65c21d0abf85afd03721ab8f,427.5,47.5,0.0,228.0,0.0,932.0,594.0,180.0,41.836714204
21,65c21d0abf85afd03721ab90,139.6,209.4,0.0,192.0,0.0,1047.0,806.9,28.0,28.23748958
22,65c21d0abf85afd03721ab91,139.6,209.4,0.0,192.0,0.0,1047.0,806.9,3.0,8.06342182
23,65c21d0abf85afd03721ab92,139.6,209.4,0.0,192.0,0.0,1047.0,806.9,180.0,44.207822168
24,65c21d0abf85afd03721ab93,380.0,0.0,0.0,228.0,0.0,932.0,670.0,365.0,52.516697444
25,65c21d0abf85afd03721ab94,380.0,0.0,0.0,228.0,0.0,932.0,670.0,270.0,53.300631656
26,65c21d0abf85afd03721ab95,380.0,95.0,0.0,228.0,0.0,932.0,594.0,270.0,41.15137506
27,65c21d0abf85afd03721ab96,342.0,38.0,0.0,228.0,0.0,932.0,670.0,180.0,52.1243856
28,65c21d0abf85afd03721ab97,427.5,47.5,0.0,228.0,0.0,932.0,594.0,28.0,37.427515184
29,65c21d0abf85afd03721ab98,475.0,0.0,0.0,228.0,0.0,932.0,594.0,7.0,38.60376124
30,65c21d0abf85afd03721ab99,304.0,76.0,0.0,228.0,0.0,932.0,670.0,365.0,55.260122448
31,65c21d0abf85afd03721ab9a,266.0,114.0,0.0,228.0,0.0,932.0,670.0,365.0,52.908319812
32,65c21d0abf85afd03721ab9b,198.6,132.4,0.0,192.0,0.0,978.4,825.5,180.0,41.719503284
33,65c21d0abf85afd03721ab9c,475.0,0.0,0.0,228.0,0.0,932.0,594.0,270.0,42.131120456
34,65c21d0abf85afd03721ab9d,190.0,190.0,0.0,228.0,0.0,932.0,670.0,365.0,53.692254024
35,65c21d0abf85afd03721ab9e,237.5,237.5,0.0,228.0,0.0,932.0,594.0,270.0,38.407950056
36,65c21d0abf85afd03721ab9f,237.5,237.5,0.0,228.0,0.0,932.0,594.0,28.0,30.079769452
37,65c21d0abf85afd03721aba0,332.5,142.5,0.0,228.0,0.0,932.0,594.0,90.0,37.721921436
38,65c21d0abf85afd03721aba1,475.0,0.0,0.0,228.0,0.0,932.0,594.0,90.0,42.229026048
39,65c21d0abf85afd03721aba2,237.5,237.5,0.0,228.0,0.0,932.0,594.0,180.0,36.251958604
40,65c21d0abf85afd03721aba3,342.0,38.0,0.0,228.0,0.0,932.0,670.0,90.0,50.45930106
41,65c21d0abf85afd03721aba4,427.5,47.5,0.0,228.0,0.0,932.0,594.0,365.0,43.698299404
42,65c21d0abf85afd03721aba5,237.5,237.5,0.0,228.0,0.0,932.0,594.0,365.0,38.995383608
43,65c21d0abf85afd03721aba6,380.0,0.0,0.0,228.0,0.0,932.0,670.0,180.0,53.104130996
44,65c21d0abf85afd03721aba7,427.5,47.5,0.0,228.0,0.0,932.0,594.0,90.0,41.542997428
45,65c21d0abf85afd03721aba8,427.5,47.5,0.0,228.0,0.0,932.0,594.0,7.0,35.076402024
46,65c21d0abf85afd03721aba9,349.0,0.0,0.0,192.0,0.0,1047.0,806.9,3.0,15.049192652
47,65c21d0abf85afd03721abaa,380.0,95.0,0.0,228.0,0.0,932.0,594.0,180.0,40.759063216
48,65c21d0abf85afd03721abab,237.5,237.5,0.0,228.0,0.0,932.0,594.0,7.0,26.258003984
49,65c21d0abf85afd03721abac,380.0,95.0,0.0,228.0,0.0,932.0,594.0,7.0,32.823194456
50,65c21d0abf85afd03721abad,332.5,142.5,0.0,228.0,0.0,932.0,594.0,180.0,39.77931782
51,65c21d0abf85afd03721abae,190.0,190.0,0.0,228.0,0.0,932.0,670.0,180.0,46.931941844
52,65c21d0abf85afd03721abaf,237.5,237.5,0.0,228.0,0.0,932.0,594.0,90.0,33.116911232
53,65c21d0abf85afd03721abb0,304.0,76.0,0.0,228.0,0.0,932.0,670.0,90.0,49.185149412
54,65c21d0abf85afd03721abb1,139.6,209.4,0.0,192.0,0.0,1047.0,806.9,7.0,14.58931216
55,65c21d0abf85afd03721abb2,198.6,132.4,0.0,192.0,0.0,978.4,825.5,7.0,14.638264956
56,65c21d0abf85afd03721abb3,475.0,0.0,0.0,228.0,0.0,932.0,594.0,365.0,41.934619796
57,65c21d0abf85afd03721abb4,198.6,132.4,0.0,192.0,0.0,978.4,825.5,3.0,9.131420144
58,65c21d0abf85afd03721abb5,304.0,76.0,0.0,228.0,0.0,932.0,670.0,180.0,50.94882902
59,65c21d0abf85afd03721abb6,332.5,142.5,0.0,228.0,0.0,932.0,594.0,28.0,33.01900564
60,65c21d0abf85afd03721abb7,304.0,76.0,0.0,228.0,0.0,932.0,670.0,270.0,54.378282644
61,65c21d0abf85afd03721abb8,266.0,114.0,0.0,228.0,0.0,932.0,670.0,270.0,51.732763232
62,65c21d0abf85afd03721abb9,310.0,0.0,0.0,192.0,0.0,971.0,850.6,3.0,9.86640156
63,65c21d0abf85afd03721abba,190.0,190.0,0.0,228.0,0.0,932.0,670.0,270.0,50.655112244
64,65c21d0abf85afd03721abbb,266.0,114.0,0.0,228.0,0.0,932.0,670.0,180.0,48.695621452
65,65c21d0abf85afd03721abbc,342.0,38.0,0.0,228.0,0.0,932.0,670.0,270.0,55.064311264
66,65c21d0abf85afd03721abbd,139.6,209.4,0.0,192.0,0.0,1047.0,806.9,360.0,44.698039604
67,65c21d0abf85afd03721abbe,332.5,142.5,0.0,228.0,0.0,932.0,594.0,7.0,30.275580636
68,65c21d0abf85afd03721abbf,190.0,190.0,0.0,228.0,0.0,932.0,670.0,28.0,40.856968808
69,65c21d0abf85afd03721abc0,485.0,0.0,0.0,146.0,0.0,1120.0,800.0,28.0,71.98818916
70,65c21d0abf85afd03721abc1,374.0,189.2,0.0,170.1,10.1,926.1,756.7,3.0,34.39795764
71,65c21d0abf85afd03721abc2,313.3,262.2,0.0,175.5,8.6,1046.9,611.8,3.0,28.79941252
72,65c21d0abf85afd03721abc3,425.0,106.3,0.0,153.5,16.5,852.1,887.1,3.0,33.39821744
73,65c21d0abf85afd03721abc4,425.0,106.3,0.0,151.4,18.6,936.0,803.7,3.0,36.3009114
74,65c21d0abf85afd03721abc5,375.0,93.8,0.0,126.6,23.4,852.1,992.6,3.0,28.99936056
75,65c21d0abf85afd03721abc6,475.0,118.8,0.0,181.1,8.9,852.1,781.5,3.0,37.79707432
76,65c21d0abf85afd03721abc7,469.0,117.2,0.0,137.8,32.2,852.1,840.5,3.0,40.1964508
77,65c21d0abf85afd03721abc8,425.0,106.3,0.0,153.5,16.5,852.1,887.1,3.0,33.39821744
78,65c21d0abf85afd03721abc9,388.6,97.1,0.0,157.9,12.1,852.1,925.7,3.0,28.096147
79,65c21d0abf85afd03721abca,531.3,0.0,0.0,141.8,28.2,852.1,893.7,3.0,41.2996124
80,65c21d0abf85afd03721abcb,425.0,106.3,0.0,153.5,16.5,852.1,887.1,3.0,33.39821744
81,65c21d0abf85afd03721abcc,318.8,212.5,0.0,155.7,14.3,852.1,880.4,3.0,25.2003478
82,65c21d0abf85afd03721abcd,401.8,94.7,0.0,147.4,11.4,946.8,852.1,3.0,41.09966436
83,65c21d0abf85afd03721abce,362.6,189.0,0.0,164.9,11.6,944.7,755.8,3.0,35.3011712
84,65c21d0abf85afd03721abcf,323.7,282.8,0.0,183.8,10.3,942.7,659.9,3.0,28.29609504
85,65c21d0abf85afd03721abd0,379.5,151.2,0.0,153.9,15.9,1134.3,605.0,3.0,28.59946448
86,65c21d0abf85afd03721abd1,362.6,189.0,0.0,164.9,11.6,944.7,755.8,3.0,35.3011712
87,65c21d0abf85afd03721abd2,286.3,200.9,0.0,144.7,11.2,1004.6,803.7,3.0,24.40055564
88,65c21d0abf85afd03721abd3,362.6,189.0,0.0,164.9,11.6,944.7,755.8,3.0,35.3011712
89,65c21d0abf85afd03721abd4,439.0,177.0,0.0,186.0,11.1,884.9,707.9,3.0,39.300132
90,65c21d0abf85afd03721abd5,389.9,189.0,0.0,145.9,22.0,944.7,755.8,3.0,40.59634688
91,65c21d0abf85afd03721abd6,362.6,189.0,0.0,164.9,11.6,944.7,755.8,3.0,35.3011712
92,65c21d0abf85afd03721abd7,337.9,189.0,0.0,174.9,9.5,944.7,755.8,3.0,24.0971862
93,65c21d0abf85afd03721abd8,374.0,189.2,0.0,170.1,10.1,926.1,756.7,7.0,46.20178676
94,65c21d0abf85afd03721abd9,313.3,262.2,0.0,175.5,8.6,1046.9,611.8,7.0,42.79577532
95,65c21d0abf85afd03721abda,425.0,106.3,0.0,153.5,16.5,852.1,887.1,7.0,49.20100736
96,65c21d0abf85afd03721abdb,425.0,106.3,0.0,151.4,18.6,936.0,803.7,7.0,46.80163088
97,65c21d0abf85afd03721abdc,375.0,93.8,0.0,126.6,23.4,852.1,992.6,7.0,45.69846928
98,65c21d0abf85afd03721abdd,475.0,118.8,0.0,181.1,8.9,852.1,781.5,7.0,55.59934464
99,65c21d0abf85afd03721abde,469.0,117.2,0.0,137.8,32.2,852.1,840.5,7.0,54.89607912
100,65c21d0abf85afd03721abdf,425.0,106.3,0.0,153.5,16.5,852.1,887.1,7.0,49.20100736
101,65c21d0abf85afd03721abe0,388.6,97.1,0.0,157.9,12.1,852.1,925.7,7.0,34.90127512
102,65c21d0abf85afd03721abe1,531.3,0.0,0.0,141.8,28.2,852.1,893.7,7.0,46.89815752
103,65c21d0abf85afd03721abe2,425.0,106.3,0.0,153.5,16.5,852.1,887.1,7.0,49.20100736
104,65c21d0abf85afd03721abe3,318.8,212.5,0.0,155.7,14.3,852.1,880.4,7.0,33.39821744
105,65c21d0abf85afd03721abe4,401.8,94.7,0.0,147.4,11.4,946.8,852.1,7.0,54.09628696
106,65c21d0abf85afd03721abe5,362.6,189.0,0.0,164.9,11.6,944.7,755.8,7.0,55.89581932
107,65c21d0abf85afd03721abe6,323.7,282.8,0.0,183.8,10.3,942.7,659.9,7.0,49.80085148
108,65c21d0abf85afd03721abe7,379.5,151.2,0.0,153.9,15.9,1134.3,605.0,7.0,47.09810556
109,65c21d0abf85afd03721abe8,362.6,189.0,0.0,164.9,11.6,944.7,755.8,7.0,55.89581932
110,65c21d0abf85afd03721abe9,286.3,200.9,0.0,144.7,11.2,1004.6,803.7,7.0,37.99702236
111,65c21d0abf85afd03721abea,362.6,189.0,0.0,164.9,11.6,944.7,755.8,7.0,55.89581932
112,65c21d0abf85afd03721abeb,439.0,177.0,0.0,186.0,11.1,884.9,707.9,7.0,56.09576736
113,65c21d0abf85afd03721abec,389.9,189.0,0.0,145.9,22.0,944.7,755.8,7.0,59.09498796
114,65c21d0abf85afd03721abed,362.6,189.0,0.0,164.9,11.6,944.7,755.8,7.0,22.89749796
115,65c21d0abf85afd03721abee,337.9,189.0,0.0,174.9,9.5,944.7,755.8,7.0,35.10122316
116,65c21d0abf85afd03721abef,374.0,189.2,0.0,170.1,10.1,926.1,756.7,28.0,61.09446836
117,65c21d0abf85afd03721abf0,313.3,262.2,0.0,175.5,8.6,1046.9,611.8,28.0,59.79825348
118,65c21d0abf85afd03721abf1,425.0,106.3,0.0,153.5,16.5,852.1,887.1,28.0,60.2946762
119,65c21d0abf85afd03721abf2,425.0,106.3,0.0,151.4,18.6,936.0,803.7,28.0,61.79773388
120,65c21d0abf85afd03721abf3,375.0,93.8,0.0,126.6,23.4,852.1,992.6,28.0,56.69561148
121,65c21d0abf85afd03721abf4,475.0,118.8,0.0,181.1,8.9,852.1,781.5,28.0,68.29949256
122,65c21d0abf85afd03721abf5,469.0,117.2,0.0,137.8,32.2,852.1,840.5,28.0,66.89985628
123,65c21d0abf85afd03721abf6,425.0,106.3,0.0,153.5,16.5,852.1,887.1,28.0,60.2946762
124,65c21d0abf85afd03721abf7,388.6,97.1,0.0,157.9,12.1,852.1,925.7,28.0,50.69717028
125,65c21d0abf85afd03721abf8,531.3,0.0,0.0,141.8,28.2,852.1,893.7,28.0,56.3991368
126,65c21d0abf85afd03721abf9,425.0,106.3,0.0,153.5,16.5,852.1,887.1,28.0,60.2946762
127,65c21d0abf85afd03721abfa,318.8,212.5,0.0,155.7,14.3,852.1,880.4,28.0,55.49592324
128,65c21d0abf85afd03721abfb,401.8,94.7,0.0,147.4,11.4,946.8,852.1,28.0,68.4994406
129,65c21d0abf85afd03721abfc,362.6,189.0,0.0,164.9,11.6,944.7,755.8,28.0,71.29871316
130,65c21d0abf85afd03721abfd,323.7,282.8,0.0,183.8,10.3,942.7,659.9,28.0,74.69782984
131,65c21d0abf85afd03721abfe,379.5,151.2,0.0,153.9,15.9,1134.3,605.0,28.0,52.20022796
132,65c21d0abf85afd03721abff,362.6,189.0,0.0,164.9,11.6,944.7,755.8,28.0,71.29871316
133,65c21d0abf85afd03721ac00,286.3,200.9,0.0,144.7,11.2,1004.6,803.7,28.0,67.69964844
134,65c21d0abf85afd03721ac01,362.6,189.0,0.0,164.9,11.6,944.7,755.8,28.0,71.29871316
135,65c21d0abf85afd03721ac02,439.0,177.0,0.0,186.0,11.1,884.9,707.9,28.0,65.99664272
136,65c21d0abf85afd03721ac03,389.9,189.0,0.0,145.9,22.0,944.7,755.8,28.0,74.4978818
137,65c21d0abf85afd03721ac04,362.6,189.0,0.0,164.9,11.6,944.7,755.8,28.0,71.29871316
138,65c21d0abf85afd03721ac05,337.9,189.0,0.0,174.9,9.5,944.7,755.8,28.0,49.89737812
139,65c21d0abf85afd03721ac06,374.0,189.2,0.0,170.1,10.1,926.1,756.7,56.0,63.3973182
140,65c21d0abf85afd03721ac07,313.3,262.2,0.0,175.5,8.6,1046.9,611.8,56.0,64.90037588
141,65c21d0abf85afd03721ac08,425.0,106.3,0.0,153.5,16.5,852.1,887.1,56.0,64.30053176
142,65c21d0abf85afd03721ac09,425.0,106.3,0.0,151.4,18.6,936.0,803.7,56.0,64.90037588
143,65c21d0abf85afd03721ac0a,375.0,93.8,0.0,126.6,23.4,852.1,992.6,56.0,60.19814956
144,65c21d0abf85afd03721ac0b,475.0,118.8,0.0,181.1,8.9,852.1,781.5,56.0,72.29845336
145,65c21d0abf85afd03721ac0c,469.0,117.2,0.0,137.8,32.2,852.1,840.5,56.0,69.29923276
146,65c21d0abf85afd03721ac0d,425.0,106.3,0.0,153.5,16.5,852.1,887.1,56.0,64.30053176
147,65c21d0abf85afd03721ac0e,388.6,97.1,0.0,157.9,12.1,852.1,925.7,56.0,55.19944856
148,65c21d0abf85afd03721ac0f,531.3,0.0,0.0,141.8,28.2,852.1,893.7,56.0,58.79851328
149,65c21d0abf85afd03721ac10,425.0,106.3,0.0,153.5,16.5,852.1,887.1,56.0,64.30053176
150,65c21d0abf85afd03721ac11,318.8,212.5,0.0,155.7,14.3,852.1,880.4,56.0,66.10006412
151,65c21d0abf85afd03721ac12,401.8,94.7,0.0,147.4,11.4,946.8,852.1,56.0,73.69808964
152,65c21d0abf85afd03721ac13,362.6,189.0,0.0,164.9,11.6,944.7,755.8,56.0,77.29715436
153,65c21d0abf85afd03721ac14,323.7,282.8,0.0,183.8,10.3,942.7,659.9,56.0,80.19984832
154,65c21d0abf85afd03721ac15,379.5,151.2,0.0,153.9,15.9,1134.3,605.0,56.0,54.89607912
155,65c21d0abf85afd03721ac16,362.6,189.0,0.0,164.9,11.6,944.7,755.8,56.0,77.29715436
156,65c21d0abf85afd03721ac17,286.3,200.9,0.0,144.7,11.2,1004.6,803.7,56.0,72.99482412
157,65c21d0abf85afd03721ac18,362.6,189.0,0.0,164.9,11.6,944.7,755.8,56.0,77.29715436
158,65c21d0abf85afd03721ac19,439.0,177.0,0.0,186.0,11.1,884.9,707.9,56.0,71.69860924
159,65c21d0abf85afd03721ac1a,389.9,189.0,0.0,145.9,22.0,944.7,755.8,56.0,79.40005616
160,65c21d0abf85afd03721ac1b,362.6,189.0,0.0,164.9,11.6,944.7,755.8,56.0,77.29715436
161,65c21d0abf85afd03721ac1c,337.9,189.0,0.0,174.9,9.5,944.7,755.8,56.0,59.89478012
162,65c21d0abf85afd03721ac1d,374.0,189.2,0.0,170.1,10.1,926.1,756.7,91.0,64.90037588
163,65c21d0abf85afd03721ac1e,313.3,262.2,0.0,175.5,8.6,1046.9,611.8,91.0,66.59648684
164,65c21d0abf85afd03721ac1f,425.0,106.3,0.0,153.5,16.5,852.1,887.1,91.0,65.19685056
165,65c21d0abf85afd03721ac20,425.0,106.3,0.0,151.4,18.6,936.0,803.7,91.0,66.69990824
166,65c21d0abf85afd03721ac21,375.0,93.8,0.0,126.6,23.4,852.1,992.6,91.0,62.5009994
167,65c21d0abf85afd03721ac22,475.0,118.8,0.0,181.1,8.9,852.1,781.5,91.0,74.19451236
168,65c21d0abf85afd03721ac23,469.0,117.2,0.0,137.8,32.2,852.1,840.5,91.0,70.69886904
169,65c21d0abf85afd03721ac24,425.0,106.3,0.0,153.5,16.5,852.1,887.1,91.0,65.19685056
170,65c21d0abf85afd03721ac25,388.6,97.1,0.0,157.9,12.1,852.1,925.7,91.0,57.59882504
171,65c21d0abf85afd03721ac26,531.3,0.0,0.0,141.8,28.2,852.1,893.7,91.0,59.19840936
172,65c21d0abf85afd03721ac27,425.0,106.3,0.0,153.5,16.5,852.1,887.1,91.0,65.19685056
173,65c21d0abf85afd03721ac28,318.8,212.5,0.0,155.7,14.3,852.1,880.4,91.0,68.09954452
174,65c21d0abf85afd03721ac29,401.8,94.7,0.0,147.4,11.4,946.8,852.1,91.0,75.497622
175,65c21d0abf85afd03721ac2a,362.6,189.0,0.0,164.9,11.6,944.7,755.8,91.0,79.29663476
176,65c21d0abf85afd03721ac2b,379.5,151.2,0.0,153.9,15.9,1134.3,605.0,91.0,56.49566344
177,65c21d0abf85afd03721ac2c,362.6,189.0,0.0,164.9,11.6,944.7,755.8,91.0,79.29663476
178,65c21d0abf85afd03721ac2d,286.3,200.9,0.0,144.7,11.2,1004.6,803.7,91.0,76.80073164
179,65c21d0abf85afd03721ac2e,362.6,189.0,0.0,164.9,11.6,944.7,755.8,91.0,79.29663476
180,65c21d0abf85afd03721ac2f,439.0,177.0,0.0,186.0,11.1,884.9,707.9,91.0,73.29819356
181,65c21d0abf85afd03721ac30,389.9,189.0,0.0,145.9,22.0,944.7,755.8,91.0,82.5992248
182,65c21d0abf85afd03721ac31,362.6,189.0,0.0,164.9,11.6,944.7,755.8,91.0,79.29663476
183,65c21d0abf85afd03721ac32,337.9,189.0,0.0,174.9,9.5,944.7,755.8,91.0,67.79617508
184,65c21d0abf85afd03721ac33,222.36,0.0,96.67,189.29,4.46,967.08,870.32,3.0,11.57630204
185,65c21d0abf85afd03721ac34,222.36,0.0,96.67,189.29,4.46,967.08,870.32,14.0,24.44881896
186,65c21d0abf85afd03721ac35,222.36,0.0,96.67,189.29,4.46,967.08,870.32,28.0,24.8900836
187,65c21d0abf85afd03721ac36,222.36,0.0,96.67,189.29,4.46,967.08,870.32,56.0,29.44751996
188,65c21d0abf85afd03721ac37,222.36,0.0,96.67,189.29,4.46,967.08,870.32,100.0,40.7135578
189,65c21d0abf85afd03721ac38,233.81,0.0,94.58,197.89,4.567,947.04,852.16,3.0,10.38350856
190,65c21d0abf85afd03721ac39,233.81,0.0,94.58,197.89,4.567,947.04,852.16,14.0,22.13907436
191,65c21d0abf85afd03721ac3a,233.81,0.0,94.58,197.89,4.567,947.04,852.16,28.0,22.83544512
192,65c21d0abf85afd03721ac3b,233.81,0.0,94.58,197.89,4.567,947.04,852.16,56.0,27.66177712
193,65c21d0abf85afd03721ac3c,233.81,0.0,94.58,197.89,4.567,947.04,852.16,100.0,34.55653712
194,65c21d0abf85afd03721ac3d,194.68,0.0,100.52,165.62,7.48,1006.4,905.9,3.0,12.45193656
195,65c21d0abf85afd03721ac3e,194.68,0.0,100.52,165.62,7.48,1006.4,905.9,14.0,24.98661024
196,65c21d0abf85afd03721ac3f,194.68,0.0,100.52,165.62,7.48,1006.4,905.9,28.0,25.72434956
197,65c21d0abf85afd03721ac40,194.68,0.0,100.52,165.62,7.48,1006.4,905.9,56.0,33.96358776
198,65c21d0abf85afd03721ac41,194.68,0.0,100.52,165.62,7.48,1006.4,905.9,100.0,37.34202016
199,65c21d0abf85afd03721ac42,190.68,0.0,125.4,162.14,7.77,1090.0,804.01,3.0,15.04436632
200,65c21d0abf85afd03721ac43,190.68,0.0,125.4,162.14,7.77,1090.0,804.01,14.0,21.0634918
201,65c21d0abf85afd03721ac44,190.68,0.0,125.4,162.14,7.77,1090.0,804.01,28.0,26.40003604
202,65c21d0abf85afd03721ac45,190.68,0.0,125.4,162.14,7.77,1090.0,804.01,56.0,35.34253976
203,65c21d0abf85afd03721ac46,190.68,0.0,125.4,162.14,7.77,1090.0,804.01,100.0,40.56876784
204,65c21d0abf85afd03721ac47,212.07,0.0,121.62,180.31,5.69,1057.6,779.32,3.0,12.47262084
205,65c21d0abf85afd03721ac48,212.07,0.0,121.62,180.31,5.69,1057.6,779.32,14.0,20.91870184
206,65c21d0abf85afd03721ac49,212.07,0.0,121.62,180.31,5.69,1057.6,779.32,28.0,24.90387312
207,65c21d0abf85afd03721ac4a,212.07,0.0,121.62,180.31,5.69,1057.6,779.32,56.0,34.20490436
208,65c21d0abf85afd03721ac4b,212.07,0.0,121.62,180.31,5.69,1057.6,779.32,100.0,39.6103962
209,65c21d0abf85afd03721ac4c,229.97,0.0,118.31,195.47,4.63,1029.4,758.59,3.0,10.0318758
210,65c21d0abf85afd03721ac4d,229.97,0.0,118.31,195.47,4.63,1029.4,758.59,14.0,20.08443588
211,65c21d0abf85afd03721ac4e,229.97,0.0,118.31,195.47,4.63,1029.4,758.59,28.0,24.48329276
212,65c21d0abf85afd03721ac4f,229.97,0.0,118.31,195.47,4.63,1029.4,758.59,56.0,31.53663224
213,65c21d0abf85afd03721ac50,229.97,0.0,118.31,195.47,4.63,1029.4,758.59,100.0,35.34253976
214,65c21d0abf85afd03721ac51,190.34,0.0,125.18,161.85,9.88,1088.1,802.59,3.0,9.4458212
215,65c21d0abf85afd03721ac52,190.34,0.0,125.18,161.85,9.88,1088.1,802.59,14.0,22.7182342
216,65c21d0abf85afd03721ac53,190.34,0.0,125.18,161.85,9.88,1088.1,802.59,28.0,28.46846404
217,65c21d0abf85afd03721ac54,190.34,0.0,125.18,161.85,9.88,1088.1,802.59,56.0,38.56239268
218,65c21d0abf85afd03721ac55,190.34,0.0,125.18,161.85,9.88,1088.1,802.59,100.0,40.38950408
219,65c21d0abf85afd03721ac56,166.09,0.0,163.27,176.46,4.49,1058.6,780.09,3.0,10.76272036
220,65c21d0abf85afd03721ac57,166.09,0.0,163.27,176.46,4.49,1058.6,780.09,14.0,25.48303296
221,65c21d0abf85afd03721ac58,166.09,0.0,163.27,176.46,4.49,1058.6,780.09,28.0,21.53923024
222,65c21d0abf85afd03721ac59,166.09,0.0,163.27,176.46,4.49,1058.6,780.09,56.0,28.62704352
223,65c21d0abf85afd03721ac5a,166.09,0.0,163.27,176.46,4.49,1058.6,780.09,100.0,33.5430074
224,65c21d0abf85afd03721ac5b,167.95,42.08,163.83,121.75,5.72,1058.7,780.11,3.0,7.74971024
225,65c21d0abf85afd03721ac5c,167.95,42.08,163.83,121.75,5.72,1058.7,780.11,14.0,17.8229546
226,65c21d0abf85afd03721ac5d,167.95,42.08,163.83,121.75,5.72,1058.7,780.11,28.0,24.24197616
227,65c21d0abf85afd03721ac5e,167.95,42.08,163.83,121.75,5.72,1058.7,780.11,56.0,32.8535314
228,65c21d0abf85afd03721ac5f,167.95,42.08,163.83,121.75,5.72,1058.7,780.11,100.0,39.2311844
229,65c21d0abf85afd03721ac60,213.72,98.05,24.51,181.71,6.86,1065.8,785.38,3.0,17.9953236
230,65c21d0abf85afd03721ac61,213.72,98.05,24.51,181.71,6.86,1065.8,785.38,14.0,30.38520732
231,65c21d0abf85afd03721ac62,213.72,98.05,24.51,181.71,6.86,1065.8,785.38,28.0,45.70536404
232,65c21d0abf85afd03721ac63,213.72,98.05,24.51,181.71,6.86,1065.8,785.38,56.0,50.77301264
233,65c21d0abf85afd03721ac64,213.72,98.05,24.51,181.71,6.86,1065.8,785.38,100.0,53.90323368
234,65c21d0abf85afd03721ac65,213.76,98.06,24.52,181.74,6.65,1066.0,785.52,3.0,13.18278112
235,65c21d0abf85afd03721ac66,213.76,98.06,24.52,181.74,6.65,1066.0,785.52,14.0,17.83674412
236,65c21d0abf85afd03721ac67,213.76,98.06,24.52,181.74,6.65,1066.0,785.52,28.0,40.2309246
237,65c21d0abf85afd03721ac68,213.76,98.06,24.52,181.74,6.65,1066.0,785.52,56.0,47.13257936
238,65c21d0abf85afd03721ac69,213.76,98.06,24.52,181.74,6.65,1066.0,785.52,100.0,49.97322048
239,65c21d0abf85afd03721ac6a,229.68,0.0,118.16,195.23,6.13,1028.1,757.63,3.0,13.35515012
240,65c21d0abf85afd03721ac6b,229.68,0.0,118.16,195.23,6.13,1028.1,757.63,14.0,22.31833812
241,65c21d0abf85afd03721ac6c,229.68,0.0,118.16,195.23,6.13,1028.1,757.63,28.0,24.53845084
242,65c21d0abf85afd03721ac6d,229.68,0.0,118.16,195.23,6.13,1028.1,757.63,56.0,31.35047372
243,65c21d0abf85afd03721ac6e,229.68,0.0,118.16,195.23,6.13,1028.1,757.63,100.0,40.85834776
244,65c21d0abf85afd03721ac6f,238.05,0.0,94.11,186.66,7.0,949.91,847.01,3.0,19.93275116
245,65c21d0abf85afd03721ac70,238.05,0.0,94.11,186.66,7.0,949.91,847.01,14.0,25.68987576
246,65c21d0abf85afd03721ac71,238.05,0.0,94.11,186.66,7.0,949.91,847.01,28.0,30.2335226
247,65c21d0abf85afd03721ac72,238.05,0.0,94.11,186.66,7.0,949.91,847.01,56.0,39.58971192
248,65c21d0abf85afd03721ac73,238.05,0.0,94.11,186.66,7.0,949.91,847.01,100.0,44.298833
249,65c21d0abf85afd03721ac74,250.0,0.0,95.69,187.42,5.53,956.86,861.17,3.0,13.81709904
250,65c21d0abf85afd03721ac75,250.0,0.0,95.69,187.42,5.53,956.86,861.17,14.0,24.91766264
251,65c21d0abf85afd03721ac76,250.0,0.0,95.69,187.42,5.53,956.86,861.17,28.0,29.21999288
252,65c21d0abf85afd03721ac77,250.0,0.0,95.69,187.42,5.53,956.86,861.17,56.0,38.32797084
253,65c21d0abf85afd03721ac78,250.0,0.0,95.69,187.42,5.53,956.86,861.17,100.0,42.34761592
254,65c21d0abf85afd03721ac79,212.52,0.0,100.37,159.32,8.71,1007.8,903.59,3.0,13.54130864
255,65c21d0abf85afd03721ac7a,212.52,0.0,100.37,159.32,8.71,1007.8,903.59,14.0,26.31040416
256,65c21d0abf85afd03721ac7b,212.52,0.0,100.37,159.32,8.71,1007.8,903.59,28.0,31.64005364
257,65c21d0abf85afd03721ac7c,212.52,0.0,100.37,159.32,8.71,1007.8,903.59,56.0,42.54756396
258,65c21d0abf85afd03721ac7d,212.52,0.0,100.37,159.32,8.71,1007.8,903.59,100.0,42.919881
259,65c21d0abf85afd03721ac7e,212.57,0.0,100.39,159.35,10.37,1003.8,903.79,3.0,13.33446584
260,65c21d0abf85afd03721ac7f,212.57,0.0,100.39,159.35,10.37,1003.8,903.79,14.0,25.3727168
261,65c21d0abf85afd03721ac80,212.57,0.0,100.39,159.35,10.37,1003.8,903.79,28.0,37.404073
262,65c21d0abf85afd03721ac81,212.57,0.0,100.39,159.35,10.37,1003.8,903.79,56.0,44.39535964
263,65c21d0abf85afd03721ac82,212.57,0.0,100.39,159.35,10.37,1003.8,903.79,100.0,47.73931824
264,65c21d0abf85afd03721ac83,212.0,0.0,124.78,159.0,7.84,1085.4,799.54,3.0,19.51906556
265,65c21d0abf85afd03721ac84,212.0,0.0,124.78,159.0,7.84,1085.4,799.54,14.0,31.35047372
266,65c21d0abf85afd03721ac85,212.0,0.0,124.78,159.0,7.84,1085.4,799.54,28.0,38.50033984
267,65c21d0abf85afd03721ac86,212.0,0.0,124.78,159.0,7.84,1085.4,799.54,56.0,45.08483564
268,65c21d0abf85afd03721ac87,212.0,0.0,124.78,159.0,7.84,1085.4,799.54,100.0,47.8151606
269,65c21d0abf85afd03721ac88,231.75,0.0,121.62,173.96,6.72,1056.4,778.45,3.0,15.43736764
270,65c21d0abf85afd03721ac89,231.75,0.0,121.62,173.96,6.72,1056.4,778.45,14.0,26.77235308
271,65c21d0abf85afd03721ac8a,231.75,0.0,121.62,173.96,6.72,1056.4,778.45,28.0,33.72916592
272,65c21d0abf85afd03721ac8b,231.75,0.0,121.62,173.96,6.72,1056.4,778.45,56.0,42.69924868
273,65c21d0abf85afd03721ac8c,231.75,0.0,121.62,173.96,6.72,1056.4,778.45,100.0,45.83636448
274,65c21d0abf85afd03721ac8d,251.37,0.0,118.27,188.45,5.75,1028.4,757.73,3.0,17.22311048
275,65c21d0abf85afd03721ac8e,251.37,0.0,118.27,188.45,5.75,1028.4,757.73,14.0,29.93015316
276,65c21d0abf85afd03721ac8f,251.37,0.0,118.27,188.45,5.75,1028.4,757.73,28.0,29.65436276
277,65c21d0abf85afd03721ac90,251.37,0.0,118.27,188.45,5.75,1028.4,757.73,56.0,36.96970312
278,65c21d0abf85afd03721ac91,251.37,0.0,118.27,188.45,5.75,1028.4,757.73,100.0,43.58177796
279,65c21d0abf85afd03721ac92,251.37,0.0,118.27,188.45,6.35,1028.4,757.73,3.0,13.12072828
280,65c21d0abf85afd03721ac93,251.37,0.0,118.27,188.45,6.35,1028.4,757.73,14.0,24.42813468
281,65c21d0abf85afd03721ac94,251.37,0.0,118.27,188.45,6.35,1028.4,757.73,28.0,32.66047812
282,65c21d0abf85afd03721ac95,251.37,0.0,118.27,188.45,6.35,1028.4,757.73,56.0,36.63875464
283,65c21d0abf85afd03721ac96,251.37,0.0,118.27,188.45,6.35,1028.4,757.73,100.0,44.20920112
284,65c21d0abf85afd03721ac97,181.38,0.0,167.01,169.59,7.56,1055.6,777.8,3.0,13.62404576
285,65c21d0abf85afd03721ac98,181.38,0.0,167.01,169.59,7.56,1055.6,777.8,14.0,21.60128308
286,65c21d0abf85afd03721ac99,181.38,0.0,167.01,169.59,7.56,1055.6,777.8,28.0,27.77209328
287,65c21d0abf85afd03721ac9a,181.38,0.0,167.01,169.59,7.56,1055.6,777.8,56.0,35.57006684
288,65c21d0abf85afd03721ac9b,181.38,0.0,167.01,169.59,7.56,1055.6,777.8,100.0,45.3675208
289,65c21d0abf85afd03721ac9c,182.04,45.21,121.97,170.21,8.19,1059.4,780.65,3.0,7.31534036
290,65c21d0abf85afd03721ac9d,182.04,45.21,121.97,170.21,8.19,1059.4,780.65,14.0,21.50475644
291,65c21d0abf85afd03721ac9e,182.04,45.21,121.97,170.21,8.19,1059.4,780.65,28.0,31.2677366
292,65c21d0abf85afd03721ac9f,182.04,45.21,121.97,170.21,8.19,1059.4,780.65,56.0,43.49904084
293,65c21d0abf85afd03721aca0,182.04,45.21,121.97,170.21,8.19,1059.4,780.65,100.0,48.67011084
294,65c21d0abf85afd03721aca1,168.88,42.22,124.25,158.33,10.83,1080.8,796.15,3.0,7.39807748
295,65c21d0abf85afd03721aca2,168.88,42.22,124.25,158.33,10.83,1080.8,796.15,14.0,23.5111316
296,65c21d0abf85afd03721aca3,168.88,42.22,124.25,158.33,10.83,1080.8,796.15,28.0,31.11605188
297,65c21d0abf85afd03721aca4,168.88,42.22,124.25,158.33,10.83,1080.8,796.15,56.0,39.14844728
298,65c21d0abf85afd03721aca5,168.88,42.22,124.25,158.33,10.83,1080.8,796.15,100.0,48.15300384
299,65c21d0abf85afd03721aca6,290.35,0.0,96.18,168.08,9.41,961.18,865.0,3.0,22.50449664
300,65c21d0abf85afd03721aca7,290.35,0.0,96.18,168.08,9.41,961.18,865.0,14.0,34.67374804
301,65c21d0abf85afd03721aca8,290.35,0.0,96.18,168.08,9.41,961.18,865.0,28.0,34.73580088
302,65c21d0abf85afd03721aca9,290.35,0.0,96.18,168.08,9.41,961.18,865.0,56.0,45.08483564
303,65c21d0abf85afd03721acaa,290.35,0.0,96.18,168.08,9.41,961.18,865.0,100.0,48.97348028
304,65c21d0abf85afd03721acab,277.05,0.0,97.39,160.6,11.83,973.9,875.61,3.0,23.13881456
305,65c21d0abf85afd03721acac,277.05,0.0,97.39,160.6,11.83,973.9,875.61,14.0,41.885667
306,65c21d0abf85afd03721acad,277.05,0.0,97.39,160.6,11.83,973.9,875.61,28.0,48.28400428
307,65c21d0abf85afd03721acae,277.05,0.0,97.39,160.6,11.83,973.9,875.61,56.0,51.03501352
308,65c21d0abf85afd03721acaf,277.05,0.0,97.39,160.6,11.83,973.9,875.61,100.0,55.6407132
309,65c21d0abf85afd03721acb0,295.71,0.0,95.64,171.54,8.87,955.14,859.2,3.0,22.94576128
310,65c21d0abf85afd03721acb1,295.71,0.0,95.64,171.54,8.87,955.14,859.2,14.0,35.2322236
311,65c21d0abf85afd03721acb2,295.71,0.0,95.64,171.54,8.87,955.14,859.2,28.0,39.94134468
312,65c21d0abf85afd03721acb3,295.71,0.0,95.64,171.54,8.87,955.14,859.2,56.0,48.71837416
313,65c21d0abf85afd03721acb4,295.71,0.0,95.64,171.54,8.87,955.14,859.2,100.0,52.04164848
314,65c21d0abf85afd03721acb5,251.81,0.0,99.94,146.14,12.35,1006.0,899.76,3.0,21.02212324
315,65c21d0abf85afd03721acb6,251.81,0.0,99.94,146.14,12.35,1006.0,899.76,14.0,33.35684888
316,65c21d0abf85afd03721acb7,251.81,0.0,99.94,146.14,12.35,1006.0,899.76,28.0,33.94290348
317,65c21d0abf85afd03721acb8,251.81,0.0,99.94,146.14,12.35,1006.0,899.76,56.0,44.14025352
318,65c21d0abf85afd03721acb9,251.81,0.0,99.94,146.14,12.35,1006.0,899.76,100.0,45.3675208
319,65c21d0abf85afd03721acba,249.1,0.0,98.75,158.11,12.8,987.76,889.01,3.0,15.36152528
320,65c21d0abf85afd03721acbb,249.1,0.0,98.75,158.11,12.8,987.76,889.01,14.0,28.6822016
321,65c21d0abf85afd03721acbc,249.1,0.0,98.75,158.11,12.8,987.76,889.01,28.0,30.84715624
322,65c21d0abf85afd03721acbd,249.1,0.0,98.75,158.11,12.8,987.76,889.01,56.0,42.03045696
323,65c21d0abf85afd03721acbe,249.1,0.0,98.75,158.11,12.8,987.76,889.01,100.0,51.0556978
324,65c21d0abf85afd03721acbf,252.31,0.0,98.75,146.25,14.17,987.76,889.01,3.0,21.78054684
325,65c21d0abf85afd03721acc0,252.31,0.0,98.75,146.25,14.17,987.76,889.01,14.0,42.29245784
326,65c21d0abf85afd03721acc1,252.31,0.0,98.75,146.25,14.17,987.76,889.01,28.0,50.60064364
327,65c21d0abf85afd03721acc2,252.31,0.0,98.75,146.25,14.17,987.76,889.01,56.0,55.82687172
328,65c21d0abf85afd03721acc3,252.31,0.0,98.75,146.25,14.17,987.76,889.01,100.0,60.9496784
329,65c21d0abf85afd03721acc4,246.83,0.0,125.08,143.3,11.99,1086.8,800.89,3.0,23.52492112
330,65c21d0abf85afd03721acc5,246.83,0.0,125.08,143.3,11.99,1086.8,800.89,14.0,42.21661548
331,65c21d0abf85afd03721acc6,246.83,0.0,125.08,143.3,11.99,1086.8,800.89,28.0,52.5035974
332,65c21d0abf85afd03721acc7,246.83,0.0,125.08,143.3,11.99,1086.8,800.89,56.0,60.32225524
333,65c21d0abf85afd03721acc8,246.83,0.0,125.08,143.3,11.99,1086.8,800.89,100.0,66.42411784
334,65c21d0abf85afd03721acc9,275.07,0.0,121.35,159.48,9.9,1053.6,777.5,3.0,23.80071152
335,65c21d0abf85afd03721acca,275.07,0.0,121.35,159.48,9.9,1053.6,777.5,14.0,38.76923548
336,65c21d0abf85afd03721accb,275.07,0.0,121.35,159.48,9.9,1053.6,777.5,28.0,51.3314882
337,65c21d0abf85afd03721accc,275.07,0.0,121.35,159.48,9.9,1053.6,777.5,56.0,56.8472962
338,65c21d0abf85afd03721accd,275.07,0.0,121.35,159.48,9.9,1053.6,777.5,100.0,58.60546
339,65c21d0abf85afd03721acce,297.16,0.0,117.54,174.8,9.52,1022.8,753.45,3.0,21.91154728
340,65c21d0abf85afd03721accf,297.16,0.0,117.54,174.8,9.52,1022.8,753.45,14.0,36.9903874
341,65c21d0abf85afd03721acd0,297.16,0.0,117.54,174.8,9.52,1022.8,753.45,28.0,47.401475
342,65c21d0abf85afd03721acd1,297.16,0.0,117.54,174.8,9.52,1022.8,753.45,56.0,51.95891136
343,65c21d0abf85afd03721acd2,297.16,0.0,117.54,174.8,9.52,1022.8,753.45,100.0,56.7438748
344,65c21d0abf85afd03721acd3,213.74,0.0,174.74,154.79,10.16,1053.5,776.35,3.0,17.57474324
345,65c21d0abf85afd03721acd4,213.74,0.0,174.74,154.79,10.16,1053.5,776.35,14.0,33.72916592
346,65c21d0abf85afd03721acd5,213.74,0.0,174.74,154.79,10.16,1053.5,776.35,28.0,40.14818748
347,65c21d0abf85afd03721acd6,213.74,0.0,174.74,154.79,10.16,1053.5,776.35,56.0,46.6430514
348,65c21d0abf85afd03721acd7,213.74,0.0,174.74,154.79,10.16,1053.5,776.35,100.0,50.07664188
349,65c21d0abf85afd03721acd8,213.5,0.0,174.24,154.61,11.66,1052.3,775.48,3.0,17.36790044
350,65c21d0abf85afd03721acd9,213.5,0.0,174.24,154.61,11.66,1052.3,775.48,14.0,33.70158688
351,65c21d0abf85afd03721acda,213.5,0.0,174.24,154.61,11.66,1052.3,775.48,28.0,45.93978588
352,65c21d0abf85afd03721acdb,213.5,0.0,174.24,154.61,11.66,1052.3,775.48,56.0,51.4349096
353,65c21d0abf85afd03721acdc,213.5,0.0,174.24,154.61,11.66,1052.3,775.48,100.0,59.30183076
354,65c21d0abf85afd03721acdd,277.19,97.82,24.46,160.7,11.19,1061.7,782.46,3.0,30.44726016
355,65c21d0abf85afd03721acde,277.19,97.82,24.46,160.7,11.19,1061.7,782.46,14.0,47.7117392
356,65c21d0abf85afd03721acdf,277.19,97.82,24.46,160.7,11.19,1061.7,782.46,28.0,63.14221208
357,65c21d0abf85afd03721ace0,277.19,97.82,24.46,160.7,11.19,1061.7,782.46,56.0,66.82401392
358,65c21d0abf85afd03721ace1,277.19,97.82,24.46,160.7,11.19,1061.7,782.46,100.0,66.9481196
359,65c21d0abf85afd03721ace2,218.23,54.64,123.78,140.75,11.91,1075.7,792.67,3.0,27.42046052
360,65c21d0abf85afd03721ace3,218.23,54.64,123.78,140.75,11.91,1075.7,792.67,14.0,35.9561734
361,65c21d0abf85afd03721ace4,218.23,54.64,123.78,140.75,11.91,1075.7,792.67,28.0,55.50971276
362,65c21d0abf85afd03721ace5,218.23,54.64,123.78,140.75,11.91,1075.7,792.67,56.0,61.99078716
363,65c21d0abf85afd03721ace6,218.23,54.64,123.78,140.75,11.91,1075.7,792.67,100.0,63.52831864
364,65c21d0abf85afd03721ace7,214.9,53.8,121.89,155.63,9.61,1014.3,780.58,3.0,18.01600788
365,65c21d0abf85afd03721ace8,214.9,53.8,121.89,155.63,9.61,1014.3,780.58,14.0,38.60376124
366,65c21d0abf85afd03721ace9,214.9,53.8,121.89,155.63,9.61,1014.3,780.58,28.0,52.20022796
367,65c21d0abf85afd03721acea,214.9,53.8,121.89,155.63,9.61,1014.3,780.58,56.0,53.95839176
368,65c21d0abf85afd03721aceb,214.9,53.8,121.89,155.63,9.61,1014.3,780.58,100.0,56.63355864
369,65c21d0abf85afd03721acec,218.85,0.0,124.13,158.49,11.33,1078.7,794.91,3.0,15.340841
370,65c21d0abf85afd03721aced,218.85,0.0,124.13,158.49,11.33,1078.7,794.91,14.0,26.04840328
371,65c21d0abf85afd03721acee,218.85,0.0,124.13,158.49,11.33,1078.7,794.91,28.0,30.21973308
372,65c21d0abf85afd03721acef,218.85,0.0,124.13,158.49,11.33,1078.7,794.91,56.0,37.2661778
373,65c21d0abf85afd03721acf0,218.85,0.0,124.13,158.49,11.33,1078.7,794.91,100.0,46.2293658
374,65c21d0abf85afd03721acf1,376.0,0.0,0.0,214.6,0.0,1003.5,762.36,3.0,16.27852836
375,65c21d0abf85afd03721acf2,376.0,0.0,0.0,214.6,0.0,1003.5,762.36,14.0,25.62092816
376,65c21d0abf85afd03721acf3,376.0,0.0,0.0,214.6,0.0,1003.5,762.36,28.0,31.97100212
377,65c21d0abf85afd03721acf4,376.0,0.0,0.0,214.6,0.0,1003.5,762.36,56.0,36.3009114
378,65c21d0abf85afd03721acf5,376.0,0.0,0.0,214.6,0.0,1003.5,762.36,100.0,43.0577762
379,65c21d0abf85afd03721acf6,500.0,0.0,0.0,140.0,4.0,966.0,853.0,28.0,67.568648
380,65c21d0abf85afd03721acf7,475.0,0.0,59.0,142.0,1.9,1098.0,641.0,28.0,57.226508
381,65c21d0abf85afd03721acf8,315.0,137.0,0.0,145.0,5.9,1130.0,745.0,28.0,81.75116932
382,65c21d0abf85afd03721acf9,505.0,0.0,60.0,195.0,0.0,1030.0,630.0,28.0,64.0178466
383,65c21d0abf85afd03721acfa,451.0,0.0,0.0,165.0,11.25,1030.0,745.0,28.0,78.80021204
384,65c21d0abf85afd03721acfb,516.0,0.0,0.0,162.0,8.2,801.0,802.0,28.0,41.36856
385,65c21d0abf85afd03721acfc,520.0,0.0,0.0,170.0,5.2,855.0,855.0,28.0,60.28088668
386,65c21d0abf85afd03721acfd,528.0,0.0,0.0,185.0,6.86,920.0,720.0,28.0,56.83350668
387,65c21d0abf85afd03721acfe,520.0,0.0,0.0,175.0,5.2,870.0,805.0,28.0,51.021224
388,65c21d0abf85afd03721acff,385.0,0.0,136.0,158.0,20.0,903.0,768.0,28.0,55.55108132
389,65c21d0abf85afd03721ad00,500.1,0.0,0.0,200.0,3.0,1124.4,613.2,28.0,44.13335876
390,65c21d0abf85afd03721ad01,450.1,50.0,0.0,200.0,3.0,1124.4,613.2,28.0,39.37597436
391,65c21d0abf85afd03721ad02,397.0,17.2,158.0,167.0,20.8,967.0,633.0,28.0,55.64760796
392,65c21d0abf85afd03721ad03,333.0,17.5,163.0,167.0,17.9,996.0,652.0,28.0,47.27736932
393,65c21d0abf85afd03721ad04,334.0,17.6,158.0,189.0,15.3,967.0,633.0,28.0,44.32641204
394,65c21d0abf85afd03721ad05,405.0,0.0,0.0,175.0,0.0,1120.0,695.0,28.0,52.30364936
395,65c21d0abf85afd03721ad06,200.0,200.0,0.0,190.0,0.0,1145.0,660.0,28.0,49.24927068
396,65c21d0abf85afd03721ad07,516.0,0.0,0.0,162.0,8.26,801.0,802.0,28.0,41.36856
397,65c21d0abf85afd03721ad08,145.0,116.0,119.0,184.0,5.7,833.0,880.0,28.0,29.15794004
398,65c21d0abf85afd03721ad09,160.0,128.0,122.0,182.0,6.4,824.0,879.0,28.0,39.39665864
399,65c21d0abf85afd03721ad0a,234.0,156.0,0.0,189.0,5.85,981.0,760.0,28.0,39.300132
400,65c21d0abf85afd03721ad0b,250.0,180.0,95.0,159.0,9.45,860.0,800.0,28.0,67.86512268
401,65c21d0abf85afd03721ad0c,475.0,0.0,0.0,162.0,9.5,1044.0,662.0,28.0,58.52272288
402,65c21d0abf85afd03721ad0d,285.0,190.0,0.0,163.0,7.6,1031.0,685.0,28.0,53.57917996
403,65c21d0abf85afd03721ad0e,356.0,119.0,0.0,160.0,9.03,1061.0,657.0,28.0,58.99846132
404,65c21d0abf85afd03721ad0f,275.0,180.0,120.0,162.0,10.35,830.0,765.0,28.0,76.23536132
405,65c21d0abf85afd03721ad10,500.0,0.0,0.0,151.0,9.0,1033.0,655.0,28.0,69.83702404
406,65c21d0abf85afd03721ad11,165.0,0.02,143.57,163.81,0.0,1005.6,900.9,3.0,14.39625888
407,65c21d0abf85afd03721ad12,165.0,128.5,132.1,175.06,8.08,1005.8,746.6,3.0,19.41564416
408,65c21d0abf85afd03721ad13,178.03,129.8,118.6,179.94,3.57,1007.3,746.8,3.0,20.72564856
409,65c21d0abf85afd03721ad14,167.35,129.9,128.62,175.46,7.79,1006.3,746.6,3.0,14.94094492
410,65c21d0abf85afd03721ad15,172.38,13.61,172.37,156.76,4.14,1006.3,856.4,3.0,21.29101888
411,65c21d0abf85afd03721ad16,173.54,50.05,173.53,164.77,6.47,1006.2,793.5,3.0,23.07676172
412,65c21d0abf85afd03721ad17,167.0,75.4,167.0,164.03,7.91,1007.3,770.1,3.0,15.52010476
413,65c21d0abf85afd03721ad18,173.81,93.37,159.9,172.34,9.73,1007.2,746.6,3.0,15.81657944
414,65c21d0abf85afd03721ad19,190.34,0.0,125.18,166.61,9.88,1079.0,798.9,3.0,12.5484632
415,65c21d0abf85afd03721ad1a,250.0,0.0,95.69,191.84,5.33,948.9,857.2,3.0,8.48744956
416,65c21d0abf85afd03721ad1b,213.5,0.0,174.24,159.21,11.66,1043.6,771.9,3.0,15.60973664
417,65c21d0abf85afd03721ad1c,194.68,0.0,100.52,170.17,7.48,998.0,901.8,3.0,12.17614616
418,65c21d0abf85afd03721ad1d,251.37,0.0,118.27,192.94,5.75,1043.6,754.3,3.0,11.98309288
419,65c21d0abf85afd03721ad1e,165.0,0.02,143.57,163.81,0.0,1005.6,900.9,14.0,16.87837248
420,65c21d0abf85afd03721ad1f,165.0,128.5,132.1,175.06,8.08,1005.8,746.6,14.0,33.08795324
421,65c21d0abf85afd03721ad20,178.03,129.8,118.6,179.94,3.57,1007.3,746.8,14.0,34.23937816
422,65c21d0abf85afd03721ad21,167.35,129.9,128.62,175.46,7.79,1006.3,746.6,14.0,31.81242264
423,65c21d0abf85afd03721ad22,172.38,13.61,172.37,156.76,4.14,1006.3,856.4,14.0,29.7508894
424,65c21d0abf85afd03721ad23,173.54,50.05,173.53,164.77,6.47,1006.2,793.5,14.0,33.00521612
425,65c21d0abf85afd03721ad24,167.0,75.4,167.0,164.03,7.91,1007.3,770.1,14.0,32.90179472
426,65c21d0abf85afd03721ad25,173.81,93.37,159.9,172.34,9.73,1007.2,746.6,14.0,29.55094136
427,65c21d0abf85afd03721ad26,190.34,0.0,125.18,166.61,9.88,1079.0,798.9,14.0,19.41564416
428,65c21d0abf85afd03721ad27,250.0,0.0,95.69,191.84,5.33,948.9,857.2,14.0,24.65566176
429,65c21d0abf85afd03721ad28,213.5,0.0,174.24,159.21,11.66,1043.6,771.9,14.0,29.59230992
430,65c21d0abf85afd03721ad29,194.68,0.0,100.52,170.17,7.48,998.0,901.8,14.0,24.28334472
431,65c21d0abf85afd03721ad2a,251.37,0.0,118.27,192.94,5.75,1043.6,754.3,14.0,20.72564856
432,65c21d0abf85afd03721ad2b,165.0,0.02,143.57,163.81,0.0,1005.6,900.9,28.0,26.200088
433,65c21d0abf85afd03721ad2c,165.0,128.5,132.1,175.06,8.08,1005.8,746.6,28.0,46.38794528
434,65c21d0abf85afd03721ad2d,178.03,129.8,118.6,179.94,3.57,1007.3,746.8,28.0,39.1622368
435,65c21d0abf85afd03721ad2e,167.35,129.9,128.62,175.46,7.79,1006.3,746.6,28.0,41.20308576
436,65c21d0abf85afd03721ad2f,172.38,13.61,172.37,156.76,4.14,1006.3,856.4,28.0,33.68779736
437,65c21d0abf85afd03721ad30,173.54,50.05,173.53,164.77,6.47,1006.2,793.5,28.0,38.20386516
438,65c21d0abf85afd03721ad31,167.0,75.4,167.0,164.03,7.91,1007.3,770.1,28.0,41.40992856
439,65c21d0abf85afd03721ad32,173.81,93.37,159.9,172.34,9.73,1007.2,746.6,28.0,37.81086384
440,65c21d0abf85afd03721ad33,190.34,0.0,125.18,166.61,9.88,1079.0,798.9,28.0,24.84871504
441,65c21d0abf85afd03721ad34,250.0,0.0,95.69,191.84,5.33,948.9,857.2,28.0,27.22051248
442,65c21d0abf85afd03721ad35,213.5,0.0,174.24,159.21,11.66,1043.6,771.9,28.0,44.63667624
443,65c21d0abf85afd03721ad36,194.68,0.0,100.52,170.17,7.48,998.0,901.8,28.0,37.2661778
444,65c21d0abf85afd03721ad37,251.37,0.0,118.27,192.94,5.75,1043.6,754.3,28.0,33.27411176
445,65c21d0abf85afd03721ad38,165.0,0.02,143.57,163.81,0.0,1005.6,900.9,56.0,36.56291228
446,65c21d0abf85afd03721ad39,165.0,128.5,132.1,175.06,8.08,1005.8,746.6,56.0,53.72396992
447,65c21d0abf85afd03721ad3a,178.03,129.8,118.6,179.94,3.57,1007.3,746.8,56.0,48.58737372
448,65c21d0abf85afd03721ad3b,167.35,129.9,128.62,175.46,7.79,1006.3,746.6,56.0,51.72448952
449,65c21d0abf85afd03721ad3c,172.38,13.61,172.37,156.76,4.14,1006.3,856.4,56.0,35.852752
450,65c21d0abf85afd03721ad3d,173.54,50.05,173.53,164.77,6.47,1006.2,793.5,56.0,53.77223324
451,65c21d0abf85afd03721ad3e,167.0,75.4,167.0,164.03,7.91,1007.3,770.1,56.0,53.46196904
452,65c21d0abf85afd03721ad3f,173.81,93.37,159.9,172.34,9.73,1007.2,746.6,56.0,48.9872698
453,65c21d0abf85afd03721ad40,190.34,0.0,125.18,166.61,9.88,1079.0,798.9,56.0,31.715896
454,65c21d0abf85afd03721ad41,250.0,0.0,95.69,191.84,5.33,948.9,857.2,56.0,39.64487
455,65c21d0abf85afd03721ad42,213.5,0.0,174.24,159.21,11.66,1043.6,771.9,56.0,51.25564584
456,65c21d0abf85afd03721ad43,194.68,0.0,100.52,170.17,7.48,998.0,901.8,56.0,43.38872468
457,65c21d0abf85afd03721ad44,251.37,0.0,118.27,192.94,5.75,1043.6,754.3,56.0,39.2656582
458,65c21d0abf85afd03721ad45,165.0,0.02,143.57,163.81,0.0,1005.6,900.9,100.0,37.9556538
459,65c21d0abf85afd03721ad46,165.0,128.5,132.1,175.06,8.08,1005.8,746.6,100.0,55.0201848
460,65c21d0abf85afd03721ad47,178.03,129.8,118.6,179.94,3.57,1007.3,746.8,100.0,49.99390476
461,65c21d0abf85afd03721ad48,167.35,129.9,128.62,175.46,7.79,1006.3,746.6,100.0,53.65502232
462,65c21d0abf85afd03721ad49,172.38,13.61,172.37,156.76,4.14,1006.3,856.4,100.0,37.6798634
463,65c21d0abf85afd03721ad4a,173.54,50.05,173.53,164.77,6.47,1006.2,793.5,100.0,56.06129356
464,65c21d0abf85afd03721ad4b,167.0,75.4,167.0,164.03,7.91,1007.3,770.1,100.0,56.8128224
465,65c21d0abf85afd03721ad4c,173.81,93.37,159.9,172.34,9.73,1007.2,746.6,100.0,50.93848688
466,65c21d0abf85afd03721ad4d,190.34,0.0,125.18,166.61,9.88,1079.0,798.9,100.0,33.56369168
467,65c21d0abf85afd03721ad4e,250.0,0.0,95.69,191.84,5.33,948.9,857.2,100.0,41.1617172
468,65c21d0abf85afd03721ad4f,213.5,0.0,174.24,159.21,11.66,1043.6,771.9,100.0,52.95865156
469,65c21d0abf85afd03721ad50,194.68,0.0,100.52,170.17,7.48,998.0,901.8,100.0,44.27814872
470,65c21d0abf85afd03721ad51,251.37,0.0,118.27,192.94,5.75,1043.6,754.3,100.0,40.14818748
471,65c21d0abf85afd03721ad52,446.0,24.0,79.0,162.0,11.61,967.0,712.0,28.0,57.02655996
472,65c21d0abf85afd03721ad53,446.0,24.0,79.0,162.0,11.64,967.0,712.0,28.0,44.42293868
473,65c21d0abf85afd03721ad54,446.0,24.0,79.0,162.0,11.64,967.0,712.0,28.0,51.021224
474,65c21d0abf85afd03721ad55,446.0,24.0,79.0,162.0,10.3,967.0,712.0,28.0,53.38612668
475,65c21d0abf85afd03721ad56,446.0,24.0,79.0,162.0,11.61,967.0,712.0,3.0,35.36322404
476,65c21d0abf85afd03721ad57,446.0,24.0,79.0,162.0,11.64,967.0,712.0,3.0,25.02108404
477,65c21d0abf85afd03721ad58,446.0,24.0,79.0,162.0,11.64,967.0,712.0,3.0,23.34565736
478,65c21d0abf85afd03721ad59,446.0,24.0,79.0,162.0,11.61,967.0,712.0,7.0,52.00717468
479,65c21d0abf85afd03721ad5a,446.0,24.0,79.0,162.0,11.64,967.0,712.0,7.0,38.01770664
480,65c21d0abf85afd03721ad5b,446.0,24.0,79.0,162.0,11.64,967.0,712.0,7.0,39.300132
481,65c21d0abf85afd03721ad5c,446.0,24.0,79.0,162.0,11.61,967.0,712.0,56.0,61.06688932
482,65c21d0abf85afd03721ad5d,446.0,24.0,79.0,162.0,11.64,967.0,712.0,56.0,56.14403068
483,65c21d0abf85afd03721ad5e,446.0,24.0,79.0,162.0,11.64,967.0,712.0,56.0,55.25460664
484,65c21d0abf85afd03721ad5f,446.0,24.0,79.0,162.0,10.3,967.0,712.0,56.0,54.76507868
485,65c21d0abf85afd03721ad60,387.0,20.0,94.0,157.0,14.32,938.0,845.0,28.0,50.23522136
486,65c21d0abf85afd03721ad61,387.0,20.0,94.0,157.0,13.93,938.0,845.0,28.0,46.68441996
487,65c21d0abf85afd03721ad62,387.0,20.0,94.0,157.0,11.61,938.0,845.0,28.0,46.68441996
488,65c21d0abf85afd03721ad63,387.0,20.0,94.0,157.0,14.32,938.0,845.0,3.0,22.752708
489,65c21d0abf85afd03721ad64,387.0,20.0,94.0,157.0,13.93,938.0,845.0,3.0,25.510612
490,65c21d0abf85afd03721ad65,387.0,20.0,94.0,157.0,11.61,938.0,845.0,3.0,34.77027468
491,65c21d0abf85afd03721ad66,387.0,20.0,94.0,157.0,14.32,938.0,845.0,7.0,36.83870268
492,65c21d0abf85afd03721ad67,387.0,20.0,94.0,157.0,13.93,938.0,845.0,7.0,45.89841732
493,65c21d0abf85afd03721ad68,387.0,20.0,94.0,157.0,11.61,938.0,845.0,7.0,41.66503468
494,65c21d0abf85afd03721ad69,387.0,20.0,94.0,157.0,14.32,938.0,845.0,56.0,56.33708396
495,65c21d0abf85afd03721ad6a,387.0,20.0,94.0,157.0,13.93,938.0,845.0,56.0,47.96684532
496,65c21d0abf85afd03721ad6b,387.0,20.0,94.0,157.0,11.61,938.0,845.0,56.0,61.45989064
497,65c21d0abf85afd03721ad6c,355.0,19.0,97.0,145.0,13.13,967.0,871.0,28.0,44.02993736
498,65c21d0abf85afd03721ad6d,355.0,19.0,97.0,145.0,12.25,967.0,871.0,28.0,55.45455468
499,65c21d0abf85afd03721ad6e,491.0,26.0,123.0,210.0,3.93,882.0,699.0,28.0,55.55108132
500,65c21d0abf85afd03721ad6f,491.0,26.0,123.0,201.0,3.93,822.0,699.0,28.0,57.915984
501,65c21d0abf85afd03721ad70,491.0,26.0,123.0,210.0,3.93,882.0,699.0,3.0,25.6091085695
502,65c21d0abf85afd03721ad71,491.0,26.0,123.0,210.0,3.93,882.0,699.0,7.0,33.4888342847
503,65c21d0abf85afd03721ad72,491.0,26.0,123.0,210.0,3.93,882.0,699.0,56.0,59.5904257153
504,65c21d0abf85afd03721ad73,491.0,26.0,123.0,201.0,3.93,822.0,699.0,3.0,29.5489714305
505,65c21d0abf85afd03721ad74,491.0,26.0,123.0,201.0,3.93,822.0,699.0,7.0,37.92118
506,65c21d0abf85afd03721ad75,491.0,26.0,123.0,201.0,3.93,822.0,699.0,56.0,61.8558468542
507,65c21d0abf85afd03721ad76,424.0,22.0,132.0,178.0,8.48,822.0,750.0,28.0,62.05284
508,65c21d0abf85afd03721ad77,424.0,22.0,132.0,178.0,8.48,882.0,750.0,3.0,32.0113857153
509,65c21d0abf85afd03721ad78,424.0,22.0,132.0,168.0,8.92,822.0,750.0,28.0,72.09850532
510,65c21d0abf85afd03721ad79,424.0,22.0,132.0,178.0,8.48,822.0,750.0,7.0,39.0046422847
511,65c21d0abf85afd03721ad7a,424.0,22.0,132.0,178.0,8.48,822.0,750.0,56.0,65.6972131458
512,65c21d0abf85afd03721ad7b,424.0,22.0,132.0,168.0,8.92,822.0,750.0,3.0,32.1098822847
513,65c21d0abf85afd03721ad7c,424.0,22.0,132.0,168.0,8.92,822.0,750.0,7.0,40.2850977153
514,65c21d0abf85afd03721ad7d,424.0,22.0,132.0,168.0,8.92,822.0,750.0,56.0,74.3649114581
515,65c21d0abf85afd03721ad7e,202.0,11.0,141.0,206.0,1.72,942.0,801.0,28.0,21.96670536
516,65c21d0abf85afd03721ad7f,202.0,11.0,141.0,206.0,1.72,942.0,801.0,3.0,9.8496571458
517,65c21d0abf85afd03721ad80,202.0,11.0,141.0,206.0,1.72,942.0,801.0,7.0,15.0699754305
518,65c21d0abf85afd03721ad81,202.0,11.0,141.0,206.0,1.72,942.0,801.0,56.0,23.2451908542
519,65c21d0abf85afd03721ad82,284.0,15.0,141.0,179.0,5.46,842.0,801.0,28.0,43.73346268
520,65c21d0abf85afd03721ad83,284.0,15.0,141.0,179.0,5.46,842.0,801.0,3.0,13.3955337153
521,65c21d0abf85afd03721ad84,284.0,15.0,141.0,179.0,5.46,842.0,801.0,7.0,24.13166
522,65c21d0abf85afd03721ad85,284.0,15.0,141.0,179.0,5.46,842.0,801.0,56.0,44.5204502847
523,65c21d0abf85afd03721ad86,359.0,19.0,141.0,154.0,10.91,942.0,801.0,28.0,62.93536928
524,65c21d0abf85afd03721ad87,359.0,19.0,141.0,154.0,10.91,942.0,801.0,28.0,59.49488404
525,65c21d0abf85afd03721ad88,359.0,19.0,141.0,154.0,10.91,942.0,801.0,3.0,25.1166257153
526,65c21d0abf85afd03721ad89,359.0,19.0,141.0,154.0,10.91,942.0,801.0,3.0,23.6391771458
527,65c21d0abf85afd03721ad8a,359.0,19.0,141.0,154.0,10.91,942.0,801.0,7.0,35.7542554305
528,65c21d0abf85afd03721ad8b,359.0,19.0,141.0,154.0,10.91,942.0,801.0,7.0,38.610656
529,65c21d0abf85afd03721ad8c,359.0,19.0,141.0,154.0,10.91,942.0,801.0,56.0,68.7506068542
530,65c21d0abf85afd03721ad8d,359.0,19.0,141.0,154.0,10.91,942.0,801.0,56.0,66.7806754305
531,65c21d0abf85afd03721ad8e,436.0,0.0,0.0,218.0,0.0,838.4,719.7,28.0,23.84897484
532,65c21d0abf85afd03721ad8f,289.0,0.0,0.0,192.0,0.0,913.2,895.3,90.0,32.068218236
533,65c21d0abf85afd03721ad90,289.0,0.0,0.0,192.0,0.0,913.2,895.3,3.0,11.654902304
534,65c21d0abf85afd03721ad91,393.0,0.0,0.0,192.0,0.0,940.6,785.6,3.0,19.199148696
535,65c21d0abf85afd03721ad92,393.0,0.0,0.0,192.0,0.0,940.6,785.6,90.0,48.846616696
536,65c21d0abf85afd03721ad93,393.0,0.0,0.0,192.0,0.0,940.6,785.6,28.0,39.604880392
537,65c21d0abf85afd03721ad94,480.0,0.0,0.0,192.0,0.0,936.2,712.2,28.0,43.942373908
538,65c21d0abf85afd03721ad95,480.0,0.0,0.0,192.0,0.0,936.2,712.2,7.0,34.569637164
539,65c21d0abf85afd03721ad96,480.0,0.0,0.0,192.0,0.0,936.2,712.2,90.0,54.315540328
540,65c21d0abf85afd03721ad97,480.0,0.0,0.0,192.0,0.0,936.2,712.2,3.0,24.404692496
541,65c21d0abf85afd03721ad98,333.0,0.0,0.0,192.0,0.0,931.2,842.6,3.0,15.615941924
542,65c21d0abf85afd03721ad99,255.0,0.0,0.0,192.0,0.0,889.8,945.0,90.0,21.859147104
543,65c21d0abf85afd03721ad9a,255.0,0.0,0.0,192.0,0.0,889.8,945.0,7.0,10.222171176
544,65c21d0abf85afd03721ad9b,289.0,0.0,0.0,192.0,0.0,913.2,895.3,7.0,14.596896396
545,65c21d0abf85afd03721ad9c,255.0,0.0,0.0,192.0,0.0,889.8,945.0,28.0,18.746162964
546,65c21d0abf85afd03721ad9d,333.0,0.0,0.0,192.0,0.0,931.2,842.6,28.0,31.966865264
547,65c21d0abf85afd03721ad9e,333.0,0.0,0.0,192.0,0.0,931.2,842.6,7.0,23.404952296
548,65c21d0abf85afd03721ad9f,289.0,0.0,0.0,192.0,0.0,913.2,895.3,28.0,25.573354316
549,65c21d0abf85afd03721ada0,333.0,0.0,0.0,192.0,0.0,931.2,842.6,90.0,41.680203152
550,65c21d0abf85afd03721ada1,393.0,0.0,0.0,192.0,0.0,940.6,785.6,7.0,27.742445812
551,65c21d0abf85afd03721ada2,255.0,0.0,0.0,192.0,0.0,889.8,945.0,3.0,8.204074924
552,65c21d0abf85afd03721ada3,158.8,238.2,0.0,185.7,0.0,1040.6,734.3,7.0,9.617500724
553,65c21d0abf85afd03721ada4,239.6,359.4,0.0,185.7,0.0,941.6,664.3,7.0,25.422359072
554,65c21d0abf85afd03721ada5,238.2,158.8,0.0,185.7,0.0,1040.6,734.3,7.0,15.691094808
555,65c21d0abf85afd03721ada6,181.9,272.8,0.0,185.7,0.0,1012.4,714.3,28.0,27.935499092
556,65c21d0abf85afd03721ada7,193.5,290.2,0.0,185.7,0.0,998.2,704.3,28.0,32.626693796
557,65c21d0abf85afd03721ada8,255.5,170.3,0.0,185.7,0.0,1026.6,724.3,7.0,17.236210524
558,65c21d0abf85afd03721ada9,272.8,181.9,0.0,185.7,0.0,1012.4,714.3,7.0,19.765208492
559,65c21d0abf85afd03721adaa,239.6,359.4,0.0,185.7,0.0,941.6,664.3,28.0,39.435269296
560,65c21d0abf85afd03721adab,220.8,147.2,0.0,185.7,0.0,1055.0,744.3,28.0,25.74503384
561,65c21d0abf85afd03721adac,397.0,0.0,0.0,185.7,0.0,1040.6,734.3,28.0,33.082437432
562,65c21d0abf85afd03721adad,382.5,0.0,0.0,185.7,0.0,1047.8,739.3,7.0,24.065470304
563,65c21d0abf85afd03721adae,210.7,316.1,0.0,185.7,0.0,977.0,689.3,7.0,21.819846972
564,65c21d0abf85afd03721adaf,158.8,238.2,0.0,185.7,0.0,1040.6,734.3,28.0,21.066249704
565,65c21d0abf85afd03721adb0,295.8,0.0,0.0,185.7,0.0,1091.4,769.3,7.0,14.843728804
566,65c21d0abf85afd03721adb1,255.5,170.3,0.0,185.7,0.0,1026.6,724.3,28.0,32.051670812
567,65c21d0abf85afd03721adb2,203.5,135.7,0.0,185.7,0.0,1076.2,759.3,7.0,11.957582268
568,65c21d0abf85afd03721adb3,397.0,0.0,0.0,185.7,0.0,1040.6,734.3,7.0,25.447869684
569,65c21d0abf85afd03721adb4,381.4,0.0,0.0,185.7,0.0,1104.6,784.3,28.0,22.489328168
570,65c21d0abf85afd03721adb5,295.8,0.0,0.0,185.7,0.0,1091.4,769.3,28.0,25.216895224
571,65c21d0abf85afd03721adb6,228.0,342.1,0.0,185.7,0.0,955.8,674.3,28.0,39.699338604
572,65c21d0abf85afd03721adb7,220.8,147.2,0.0,185.7,0.0,1055.0,744.3,7.0,13.089012384
573,65c21d0abf85afd03721adb8,316.1,210.7,0.0,185.7,0.0,977.0,689.3,28.0,38.70028788
574,65c21d0abf85afd03721adb9,135.7,203.5,0.0,185.7,0.0,1076.2,759.3,7.0,7.507014688
575,65c21d0abf85afd03721adba,238.1,0.0,0.0,185.7,0.0,1118.8,789.3,28.0,17.576122192
576,65c21d0abf85afd03721adbb,339.2,0.0,0.0,185.7,0.0,1069.2,754.3,7.0,21.179323768
577,65c21d0abf85afd03721adbc,135.7,203.5,0.0,185.7,0.0,1076.2,759.3,28.0,18.19871902
578,65c21d0abf85afd03721adbd,193.5,290.2,0.0,185.7,0.0,998.2,704.3,7.0,17.200357772
579,65c21d0abf85afd03721adbe,203.5,135.7,0.0,185.7,0.0,1076.2,759.3,28.0,22.629981272
580,65c21d0abf85afd03721adbf,290.2,193.5,0.0,185.7,0.0,998.2,704.3,7.0,21.859147104
581,65c21d0abf85afd03721adc0,181.9,272.8,0.0,185.7,0.0,1012.4,714.3,7.0,12.37264682
582,65c21d0abf85afd03721adc1,170.3,155.5,0.0,185.7,0.0,1026.6,724.3,28.0,25.726417988
583,65c21d0abf85afd03721adc2,210.7,316.1,0.0,185.7,0.0,977.0,689.3,28.0,37.813621744
584,65c21d0abf85afd03721adc3,228.0,342.1,0.0,185.7,0.0,955.8,674.3,7.0,21.917063088
585,65c21d0abf85afd03721adc4,290.2,193.5,0.0,185.7,0.0,998.2,704.3,28.0,33.0431373
586,65c21d0abf85afd03721adc5,381.4,0.0,0.0,185.7,0.0,1104.6,784.3,7.0,14.54104884
587,65c21d0abf85afd03721adc6,238.2,158.8,0.0,185.7,0.0,1040.6,734.3,28.0,26.91369566
588,65c21d0abf85afd03721adc7,186.2,124.1,0.0,185.7,0.0,1083.4,764.3,7.0,7.995853172
589,65c21d0abf85afd03721adc8,339.2,0.0,0.0,185.7,0.0,1069.2,754.3,28.0,31.899986092
590,65c21d0abf85afd03721adc9,238.1,0.0,0.0,185.7,0.0,1118.8,789.3,7.0,10.335934716
591,65c21d0abf85afd03721adca,252.5,0.0,0.0,185.7,0.0,1111.6,784.3,28.0,19.765208492
592,65c21d0abf85afd03721adcb,382.5,0.0,0.0,185.7,0.0,1047.8,739.3,28.0,37.437857324
593,65c21d0abf85afd03721adcc,252.5,0.0,0.0,185.7,0.0,1111.6,784.3,7.0,11.483912256
594,65c21d0abf85afd03721adcd,316.1,210.7,0.0,185.7,0.0,977.0,689.3,7.0,24.437787344
595,65c21d0abf85afd03721adce,186.2,124.1,0.0,185.7,0.0,1083.4,764.3,28.0,17.596806472
596,65c21d0abf85afd03721adcf,170.3,155.5,0.0,185.7,0.0,1026.6,724.3,7.0,10.730314988
597,65c21d0abf85afd03721add0,272.8,181.9,0.0,185.7,0.0,1012.4,714.3,28.0,31.38150014
598,65c21d0abf85afd03721add1,339.0,0.0,0.0,197.0,0.0,968.0,781.0,3.0,13.22414968
599,65c21d0abf85afd03721add2,339.0,0.0,0.0,197.0,0.0,968.0,781.0,7.0,20.96696516
600,65c21d0abf85afd03721add3,339.0,0.0,0.0,197.0,0.0,968.0,781.0,14.0,27.04124872
601,65c21d0abf85afd03721add4,339.0,0.0,0.0,197.0,0.0,968.0,781.0,28.0,32.03994972
602,65c21d0abf85afd03721add5,339.0,0.0,0.0,197.0,0.0,968.0,781.0,90.0,35.17017076
603,65c21d0abf85afd03721add6,339.0,0.0,0.0,197.0,0.0,968.0,781.0,180.0,36.44570136
604,65c21d0abf85afd03721add7,339.0,0.0,0.0,197.0,0.0,968.0,781.0,365.0,38.89334116
605,65c21d0abf85afd03721add8,236.0,0.0,0.0,194.0,0.0,968.0,885.0,3.0,6.46728488
606,65c21d0abf85afd03721add9,236.0,0.0,0.0,194.0,0.0,968.0,885.0,14.0,12.83804312
607,65c21d0abf85afd03721adda,236.0,0.0,0.0,194.0,0.0,968.0,885.0,28.0,18.41590396
608,65c21d0abf85afd03721addb,236.0,0.0,0.0,194.0,0.0,968.0,885.0,90.0,21.94602108
609,65c21d0abf85afd03721addc,236.0,0.0,0.0,193.0,0.0,968.0,885.0,180.0,24.10408096
610,65c21d0abf85afd03721addd,236.0,0.0,0.0,193.0,0.0,968.0,885.0,365.0,25.08313688
611,65c21d0abf85afd03721adde,277.0,0.0,0.0,191.0,0.0,968.0,856.0,14.0,21.26343984
612,65c21d0abf85afd03721addf,277.0,0.0,0.0,191.0,0.0,968.0,856.0,28.0,25.96566616
613,65c21d0abf85afd03721ade0,277.0,0.0,0.0,191.0,0.0,968.0,856.0,3.0,11.36256448
614,65c21d0abf85afd03721ade1,277.0,0.0,0.0,191.0,0.0,968.0,856.0,90.0,31.25394708
615,65c21d0abf85afd03721ade2,277.0,0.0,0.0,191.0,0.0,968.0,856.0,180.0,32.32952964
616,65c21d0abf85afd03721ade3,277.0,0.0,0.0,191.0,0.0,968.0,856.0,360.0,33.70158688
617,65c21d0abf85afd03721ade4,254.0,0.0,0.0,198.0,0.0,968.0,863.0,3.0,9.307926
618,65c21d0abf85afd03721ade5,254.0,0.0,0.0,198.0,0.0,968.0,863.0,90.0,26.94472208
619,65c21d0abf85afd03721ade6,254.0,0.0,0.0,198.0,0.0,968.0,863.0,180.0,27.62730332
620,65c21d0abf85afd03721ade7,254.0,0.0,0.0,198.0,0.0,968.0,863.0,365.0,29.7853632
621,65c21d0abf85afd03721ade8,307.0,0.0,0.0,193.0,0.0,968.0,812.0,180.0,34.48758952
622,65c21d0abf85afd03721ade9,307.0,0.0,0.0,193.0,0.0,968.0,812.0,365.0,36.14922668
623,65c21d0abf85afd03721adea,307.0,0.0,0.0,193.0,0.0,968.0,812.0,3.0,12.54156844
624,65c21d0abf85afd03721adeb,307.0,0.0,0.0,193.0,0.0,968.0,812.0,28.0,27.53077668
625,65c21d0abf85afd03721adec,307.0,0.0,0.0,193.0,0.0,968.0,812.0,90.0,32.922479
626,65c21d0abf85afd03721aded,236.0,0.0,0.0,193.0,0.0,968.0,885.0,7.0,9.99050724
627,65c21d0abf85afd03721adee,200.0,0.0,0.0,180.0,0.0,1125.0,845.0,7.0,7.83934212
628,65c21d0abf85afd03721adef,200.0,0.0,0.0,180.0,0.0,1125.0,845.0,28.0,12.24509376
629,65c21d0abf85afd03721adf0,225.0,0.0,0.0,181.0,0.0,1113.0,833.0,7.0,11.1695112
630,65c21d0abf85afd03721adf1,225.0,0.0,0.0,181.0,0.0,1113.0,833.0,28.0,17.3403214
631,65c21d0abf85afd03721adf2,325.0,0.0,0.0,184.0,0.0,1063.0,783.0,7.0,17.54026944
632,65c21d0abf85afd03721adf3,325.0,0.0,0.0,184.0,0.0,1063.0,783.0,28.0,30.57136584
633,65c21d0abf85afd03721adf4,275.0,0.0,0.0,183.0,0.0,1088.0,808.0,7.0,14.2032056
634,65c21d0abf85afd03721adf5,275.0,0.0,0.0,183.0,0.0,1088.0,808.0,28.0,24.49708228
635,65c21d0abf85afd03721adf6,300.0,0.0,0.0,184.0,0.0,1075.0,795.0,7.0,15.57526284
636,65c21d0abf85afd03721adf7,300.0,0.0,0.0,184.0,0.0,1075.0,795.0,28.0,26.84819544
637,65c21d0abf85afd03721adf8,375.0,0.0,0.0,186.0,0.0,1038.0,758.0,7.0,26.0621928
638,65c21d0abf85afd03721adf9,375.0,0.0,0.0,186.0,0.0,1038.0,758.0,28.0,38.21075992
639,65c21d0abf85afd03721adfa,400.0,0.0,0.0,187.0,0.0,1025.0,745.0,28.0,43.69898888
640,65c21d0abf85afd03721adfb,400.0,0.0,0.0,187.0,0.0,1025.0,745.0,7.0,30.14389072
641,65c21d0abf85afd03721adfc,250.0,0.0,0.0,182.0,0.0,1100.0,820.0,7.0,12.73462172
642,65c21d0abf85afd03721adfd,250.0,0.0,0.0,182.0,0.0,1100.0,820.0,28.0,20.87043852
643,65c21d0abf85afd03721adfe,350.0,0.0,0.0,186.0,0.0,1050.0,770.0,7.0,20.27748916
644,65c21d0abf85afd03721adff,350.0,0.0,0.0,186.0,0.0,1050.0,770.0,28.0,34.29453624
645,65c21d0abf85afd03721ae00,203.5,305.3,0.0,203.5,0.0,963.4,630.0,7.0,19.539060364
646,65c21d0abf85afd03721ae01,250.2,166.8,0.0,203.5,0.0,977.6,694.1,90.0,47.714497104
647,65c21d0abf85afd03721ae02,157.0,236.0,0.0,192.0,0.0,935.4,781.2,90.0,43.377003588
648,65c21d0abf85afd03721ae03,141.3,212.0,0.0,203.5,0.0,971.8,748.5,28.0,29.89223198
649,65c21d0abf85afd03721ae04,166.8,250.2,0.0,203.5,0.0,975.6,692.6,3.0,6.902344236
650,65c21d0abf85afd03721ae05,122.6,183.9,0.0,203.5,0.0,958.2,800.1,90.0,33.192064116
651,65c21d0abf85afd03721ae06,183.9,122.6,0.0,203.5,0.0,959.2,800.0,3.0,4.903553312
652,65c21d0abf85afd03721ae07,102.0,153.0,0.0,192.0,0.0,887.0,942.0,3.0,4.565020596
653,65c21d0abf85afd03721ae08,102.0,153.0,0.0,192.0,0.0,887.0,942.0,90.0,25.460969728
654,65c21d0abf85afd03721ae09,122.6,183.9,0.0,203.5,0.0,958.2,800.1,28.0,24.290928956
655,65c21d0abf85afd03721ae0a,166.8,250.2,0.0,203.5,0.0,975.6,692.6,28.0,33.947729812
656,65c21d0abf85afd03721ae0b,200.0,133.0,0.0,192.0,0.0,965.4,806.2,3.0,11.41427518
657,65c21d0abf85afd03721ae0c,108.3,162.4,0.0,203.5,0.0,938.2,849.0,28.0,20.593958644
658,65c21d0abf85afd03721ae0d,305.3,203.5,0.0,203.5,0.0,965.4,631.0,7.0,25.893960656
659,65c21d0abf85afd03721ae0e,108.3,162.4,0.0,203.5,0.0,938.2,849.0,90.0,29.231713972
660,65c21d0abf85afd03721ae0f,116.0,173.0,0.0,192.0,0.0,909.8,891.9,90.0,31.023662096
661,65c21d0abf85afd03721ae10,141.3,212.0,0.0,203.5,0.0,971.8,748.5,7.0,10.3938507
662,65c21d0abf85afd03721ae11,157.0,236.0,0.0,192.0,0.0,935.4,781.2,28.0,33.664355176
663,65c21d0abf85afd03721ae12,133.0,200.0,0.0,192.0,0.0,927.4,839.2,28.0,27.874825204
664,65c21d0abf85afd03721ae13,250.2,166.8,0.0,203.5,0.0,977.6,694.1,7.0,19.35014394
665,65c21d0abf85afd03721ae14,173.0,116.0,0.0,192.0,0.0,946.8,856.8,7.0,11.392211948
666,65c21d0abf85afd03721ae15,192.0,288.0,0.0,192.0,0.0,929.8,716.1,3.0,12.788400848
667,65c21d0abf85afd03721ae16,192.0,288.0,0.0,192.0,0.0,929.8,716.1,28.0,39.321505756
668,65c21d0abf85afd03721ae17,153.0,102.0,0.0,192.0,0.0,888.0,943.1,3.0,4.782205536
669,65c21d0abf85afd03721ae18,288.0,192.0,0.0,192.0,0.0,932.0,717.8,3.0,16.10960674
670,65c21d0abf85afd03721ae19,305.3,203.5,0.0,203.5,0.0,965.4,631.0,28.0,43.377003588
671,65c21d0abf85afd03721ae1a,236.0,157.0,0.0,192.0,0.0,972.6,749.1,7.0,20.416073836
672,65c21d0abf85afd03721ae1b,173.0,116.0,0.0,192.0,0.0,946.8,856.8,3.0,6.940954892
673,65c21d0abf85afd03721ae1c,212.0,141.3,0.0,203.5,0.0,973.4,750.0,7.0,15.0305768
674,65c21d0abf85afd03721ae1d,236.0,157.0,0.0,192.0,0.0,972.6,749.1,3.0,13.5654403
675,65c21d0abf85afd03721ae1e,183.9,122.6,0.0,203.5,0.0,959.2,800.0,90.0,32.53292506
676,65c21d0abf85afd03721ae1f,166.8,250.2,0.0,203.5,0.0,975.6,692.6,7.0,15.748321316
677,65c21d0abf85afd03721ae20,102.0,153.0,0.0,192.0,0.0,887.0,942.0,7.0,7.675936308
678,65c21d0abf85afd03721ae21,288.0,192.0,0.0,192.0,0.0,932.0,717.8,28.0,38.804398756
679,65c21d0abf85afd03721ae22,212.0,141.3,0.0,203.5,0.0,973.4,750.0,28.0,33.003837168
680,65c21d0abf85afd03721ae23,102.0,153.0,0.0,192.0,0.0,887.0,942.0,28.0,17.275510656
681,65c21d0abf85afd03721ae24,173.0,116.0,0.0,192.0,0.0,946.8,856.8,28.0,24.281965768
682,65c21d0abf85afd03721ae25,183.9,122.6,0.0,203.5,0.0,959.2,800.0,28.0,24.046164976
683,65c21d0abf85afd03721ae26,133.0,200.0,0.0,192.0,0.0,927.4,839.2,90.0,36.588422892
684,65c21d0abf85afd03721ae27,192.0,288.0,0.0,192.0,0.0,929.8,716.1,90.0,50.732333556
685,65c21d0abf85afd03721ae28,133.0,200.0,0.0,192.0,0.0,927.4,839.2,7.0,13.664035368
686,65c21d0abf85afd03721ae29,305.3,203.5,0.0,203.5,0.0,965.4,631.0,3.0,14.143910664
687,65c21d0abf85afd03721ae2a,236.0,157.0,0.0,192.0,0.0,972.6,749.1,90.0,47.782065752
688,65c21d0abf85afd03721ae2b,108.3,162.4,0.0,203.5,0.0,938.2,849.0,3.0,2.331807832
689,65c21d0abf85afd03721ae2c,157.0,236.0,0.0,192.0,0.0,935.4,781.2,7.0,16.889404096
690,65c21d0abf85afd03721ae2d,288.0,192.0,0.0,192.0,0.0,932.0,717.8,7.0,23.523542168
691,65c21d0abf85afd03721ae2e,212.0,141.3,0.0,203.5,0.0,973.4,750.0,3.0,6.8085755
692,65c21d0abf85afd03721ae2f,212.0,141.3,0.0,203.5,0.0,973.4,750.0,90.0,39.70002808
693,65c21d0abf85afd03721ae30,153.0,102.0,0.0,192.0,0.0,888.0,943.1,28.0,17.96429718
694,65c21d0abf85afd03721ae31,236.0,157.0,0.0,192.0,0.0,972.6,749.1,28.0,32.88455782
695,65c21d0abf85afd03721ae32,116.0,173.0,0.0,192.0,0.0,909.8,891.9,28.0,22.347985588
696,65c21d0abf85afd03721ae33,183.9,122.6,0.0,203.5,0.0,959.2,800.0,7.0,10.787541496
697,65c21d0abf85afd03721ae34,108.3,162.4,0.0,203.5,0.0,938.2,849.0,7.0,7.723510152
698,65c21d0abf85afd03721ae35,203.5,305.3,0.0,203.5,0.0,963.4,630.0,28.0,41.684340008
699,65c21d0abf85afd03721ae36,203.5,305.3,0.0,203.5,0.0,963.4,630.0,3.0,9.561653168
700,65c21d0abf85afd03721ae37,133.0,200.0,0.0,192.0,0.0,927.4,839.2,3.0,6.883728384
701,65c21d0abf85afd03721ae38,288.0,192.0,0.0,192.0,0.0,932.0,717.8,90.0,50.526869708
702,65c21d0abf85afd03721ae39,200.0,133.0,0.0,192.0,0.0,965.4,806.2,7.0,17.165883972
703,65c21d0abf85afd03721ae3a,200.0,133.0,0.0,192.0,0.0,965.4,806.2,28.0,30.439675924
704,65c21d0abf85afd03721ae3b,250.2,166.8,0.0,203.5,0.0,977.6,694.1,3.0,9.731264264
705,65c21d0abf85afd03721ae3c,122.6,183.9,0.0,203.5,0.0,958.2,800.1,3.0,3.31982694
706,65c21d0abf85afd03721ae3d,153.0,102.0,0.0,192.0,0.0,888.0,943.1,90.0,26.322814728
707,65c21d0abf85afd03721ae3e,200.0,133.0,0.0,192.0,0.0,965.4,806.2,90.0,43.25082948
708,65c21d0abf85afd03721ae3f,116.0,173.0,0.0,192.0,0.0,909.8,891.9,3.0,6.280436884
709,65c21d0abf85afd03721ae40,173.0,116.0,0.0,192.0,0.0,946.8,856.8,90.0,32.102692036
710,65c21d0abf85afd03721ae41,250.2,166.8,0.0,203.5,0.0,977.6,694.1,28.0,36.964187312
711,65c21d0abf85afd03721ae42,305.3,203.5,0.0,203.5,0.0,965.4,631.0,90.0,54.598914964
712,65c21d0abf85afd03721ae43,192.0,288.0,0.0,192.0,0.0,929.8,716.1,7.0,21.48062478
713,65c21d0abf85afd03721ae44,157.0,236.0,0.0,192.0,0.0,935.4,781.2,3.0,9.694722036
714,65c21d0abf85afd03721ae45,153.0,102.0,0.0,192.0,0.0,888.0,943.1,7.0,8.374375496
715,65c21d0abf85afd03721ae46,141.3,212.0,0.0,203.5,0.0,971.8,748.5,90.0,39.6621069
716,65c21d0abf85afd03721ae47,116.0,173.0,0.0,192.0,0.0,909.8,891.9,7.0,10.089791784
717,65c21d0abf85afd03721ae48,141.3,212.0,0.0,203.5,0.0,971.8,748.5,3.0,4.827710952
718,65c21d0abf85afd03721ae49,122.6,183.9,0.0,203.5,0.0,958.2,800.1,7.0,10.354550568
719,65c21d0abf85afd03721ae4a,166.8,250.2,0.0,203.5,0.0,975.6,692.6,90.0,43.565230536
720,65c21d0abf85afd03721ae4b,203.5,305.3,0.0,203.5,0.0,963.4,630.0,90.0,51.863763672
721,65c21d0abf85afd03721ae4c,310.0,0.0,0.0,192.0,0.0,1012.0,830.0,3.0,11.85209244
722,65c21d0abf85afd03721ae4d,310.0,0.0,0.0,192.0,0.0,1012.0,830.0,7.0,17.24379476
723,65c21d0abf85afd03721ae4e,310.0,0.0,0.0,192.0,0.0,1012.0,830.0,28.0,27.82725136
724,65c21d0abf85afd03721ae4f,310.0,0.0,0.0,192.0,0.0,1012.0,830.0,90.0,35.76312012
725,65c21d0abf85afd03721ae50,310.0,0.0,0.0,192.0,0.0,1012.0,830.0,120.0,38.70028788
726,65c21d0abf85afd03721ae51,331.0,0.0,0.0,192.0,0.0,1025.0,821.0,3.0,14.306627
727,65c21d0abf85afd03721ae52,331.0,0.0,0.0,192.0,0.0,1025.0,821.0,7.0,17.43684804
728,65c21d0abf85afd03721ae53,331.0,0.0,0.0,192.0,0.0,1025.0,821.0,28.0,31.74347504
729,65c21d0abf85afd03721ae54,331.0,0.0,0.0,192.0,0.0,1025.0,821.0,90.0,37.91428524
730,65c21d0abf85afd03721ae55,331.0,0.0,0.0,192.0,0.0,1025.0,821.0,120.0,39.38286912
731,65c21d0abf85afd03721ae56,349.0,0.0,0.0,192.0,0.0,1056.0,809.0,3.0,15.87173752
732,65c21d0abf85afd03721ae57,349.0,0.0,0.0,192.0,0.0,1056.0,809.0,7.0,9.01145132
733,65c21d0abf85afd03721ae58,349.0,0.0,0.0,192.0,0.0,1056.0,809.0,28.0,33.60506024
734,65c21d0abf85afd03721ae59,349.0,0.0,0.0,192.0,0.0,1056.0,809.0,90.0,40.65839972
735,65c21d0abf85afd03721ae5a,349.0,0.0,0.0,192.0,0.0,1056.0,809.0,120.0,40.85834776
736,65c21d0abf85afd03721ae5b,238.0,0.0,0.0,186.0,0.0,1119.0,789.0,7.0,12.05204048
737,65c21d0abf85afd03721ae5c,238.0,0.0,0.0,186.0,0.0,1119.0,789.0,28.0,17.54026944
738,65c21d0abf85afd03721ae5d,296.0,0.0,0.0,186.0,0.0,1090.0,769.0,7.0,18.91232668
739,65c21d0abf85afd03721ae5e,296.0,0.0,0.0,186.0,0.0,1090.0,769.0,28.0,25.17966352
740,65c21d0abf85afd03721ae5f,297.0,0.0,0.0,186.0,0.0,1040.0,734.0,7.0,30.9574724
741,65c21d0abf85afd03721ae60,480.0,0.0,0.0,192.0,0.0,936.0,721.0,28.0,43.89204216
742,65c21d0abf85afd03721ae61,480.0,0.0,0.0,192.0,0.0,936.0,721.0,90.0,54.27555072
743,65c21d0abf85afd03721ae62,397.0,0.0,0.0,186.0,0.0,1040.0,734.0,28.0,36.93522932
744,65c21d0abf85afd03721ae63,281.0,0.0,0.0,186.0,0.0,1104.0,774.0,7.0,14.49968028
745,65c21d0abf85afd03721ae64,281.0,0.0,0.0,185.0,0.0,1104.0,774.0,28.0,22.43554904
746,65c21d0abf85afd03721ae65,500.0,0.0,0.0,200.0,0.0,1125.0,613.0,1.0,12.63809508
747,65c21d0abf85afd03721ae66,500.0,0.0,0.0,200.0,0.0,1125.0,613.0,3.0,26.0621928
748,65c21d0abf85afd03721ae67,500.0,0.0,0.0,200.0,0.0,1125.0,613.0,7.0,33.21205892
749,65c21d0abf85afd03721ae68,500.0,0.0,0.0,200.0,0.0,1125.0,613.0,14.0,36.93522932
750,65c21d0abf85afd03721ae69,500.0,0.0,0.0,200.0,0.0,1125.0,613.0,28.0,44.0919902
751,65c21d0abf85afd03721ae6a,540.0,0.0,0.0,173.0,0.0,1125.0,613.0,7.0,52.61391356
752,65c21d0abf85afd03721ae6b,540.0,0.0,0.0,173.0,0.0,1125.0,613.0,14.0,59.76377968
753,65c21d0abf85afd03721ae6c,540.0,0.0,0.0,173.0,0.0,1125.0,613.0,28.0,67.30664712
754,65c21d0abf85afd03721ae6d,540.0,0.0,0.0,173.0,0.0,1125.0,613.0,90.0,69.65776028
755,65c21d0abf85afd03721ae6e,540.0,0.0,0.0,173.0,0.0,1125.0,613.0,180.0,71.62276688
756,65c21d0abf85afd03721ae6f,540.0,0.0,0.0,173.0,0.0,1125.0,613.0,270.0,74.16693332
757,65c21d0abf85afd03721ae70,350.0,0.0,0.0,203.0,0.0,974.0,775.0,7.0,18.12632404
758,65c21d0abf85afd03721ae71,350.0,0.0,0.0,203.0,0.0,974.0,775.0,14.0,22.53207568
759,65c21d0abf85afd03721ae72,350.0,0.0,0.0,203.0,0.0,974.0,775.0,28.0,27.3377234
760,65c21d0abf85afd03721ae73,350.0,0.0,0.0,203.0,0.0,974.0,775.0,56.0,29.97841648
761,65c21d0abf85afd03721ae74,350.0,0.0,0.0,203.0,0.0,974.0,775.0,90.0,31.35047372
762,65c21d0abf85afd03721ae75,350.0,0.0,0.0,203.0,0.0,974.0,775.0,180.0,32.72253096
763,65c21d0abf85afd03721ae76,385.0,0.0,0.0,186.0,0.0,966.0,763.0,1.0,6.26733684
764,65c21d0abf85afd03721ae77,385.0,0.0,0.0,186.0,0.0,966.0,763.0,3.0,14.69962832
765,65c21d0abf85afd03721ae78,385.0,0.0,0.0,186.0,0.0,966.0,763.0,7.0,23.22155168
766,65c21d0abf85afd03721ae79,385.0,0.0,0.0,186.0,0.0,966.0,763.0,14.0,27.923778
767,65c21d0abf85afd03721ae7a,385.0,0.0,0.0,186.0,0.0,966.0,763.0,28.0,31.35047372
768,65c21d0abf85afd03721ae7b,331.0,0.0,0.0,192.0,0.0,978.0,825.0,180.0,38.99676256
769,65c21d0abf85afd03721ae7c,331.0,0.0,0.0,192.0,0.0,978.0,825.0,360.0,41.24445432
770,65c21d0abf85afd03721ae7d,349.0,0.0,0.0,192.0,0.0,1047.0,806.0,3.0,14.98920824
771,65c21d0abf85afd03721ae7e,331.0,0.0,0.0,192.0,0.0,978.0,825.0,3.0,13.52062436
772,65c21d0abf85afd03721ae7f,382.0,0.0,0.0,186.0,0.0,1047.0,739.0,7.0,24.00065956
773,65c21d0abf85afd03721ae80,382.0,0.0,0.0,186.0,0.0,1047.0,739.0,28.0,37.42475728
774,65c21d0abf85afd03721ae81,382.0,0.0,0.0,186.0,0.0,1111.0,784.0,7.0,11.46598588
775,65c21d0abf85afd03721ae82,281.0,0.0,0.0,186.0,0.0,1104.0,774.0,28.0,22.43554904
776,65c21d0abf85afd03721ae83,339.0,0.0,0.0,185.0,0.0,1069.0,754.0,7.0,21.16001844
777,65c21d0abf85afd03721ae84,339.0,0.0,0.0,185.0,0.0,1069.0,754.0,28.0,31.84000168
778,65c21d0abf85afd03721ae85,295.0,0.0,0.0,185.0,0.0,1069.0,769.0,7.0,14.79615496
779,65c21d0abf85afd03721ae86,295.0,0.0,0.0,185.0,0.0,1069.0,769.0,28.0,25.17966352
780,65c21d0abf85afd03721ae87,238.0,0.0,0.0,185.0,0.0,1118.0,789.0,28.0,17.54026944
781,65c21d0abf85afd03721ae88,296.0,0.0,0.0,192.0,0.0,1085.0,765.0,7.0,14.2032056
782,65c21d0abf85afd03721ae89,296.0,0.0,0.0,192.0,0.0,1085.0,765.0,28.0,21.6495464
783,65c21d0abf85afd03721ae8a,296.0,0.0,0.0,192.0,0.0,1085.0,765.0,90.0,29.39236188
784,65c21d0abf85afd03721ae8b,331.0,0.0,0.0,192.0,0.0,879.0,825.0,3.0,13.52062436
785,65c21d0abf85afd03721ae8c,331.0,0.0,0.0,192.0,0.0,978.0,825.0,7.0,16.26473884
786,65c21d0abf85afd03721ae8d,331.0,0.0,0.0,192.0,0.0,978.0,825.0,28.0,31.44700036
787,65c21d0abf85afd03721ae8e,331.0,0.0,0.0,192.0,0.0,978.0,825.0,90.0,37.231704
788,65c21d0abf85afd03721ae8f,349.0,0.0,0.0,192.0,0.0,1047.0,806.0,7.0,18.12632404
789,65c21d0abf85afd03721ae90,349.0,0.0,0.0,192.0,0.0,1047.0,806.0,28.0,32.72253096
790,65c21d0abf85afd03721ae91,349.0,0.0,0.0,192.0,0.0,1047.0,806.0,90.0,39.48629052
791,65c21d0abf85afd03721ae92,349.0,0.0,0.0,192.0,0.0,1047.0,806.0,180.0,41.05140104
792,65c21d0abf85afd03721ae93,349.0,0.0,0.0,192.0,0.0,1047.0,806.0,360.0,42.1269836
793,65c21d0abf85afd03721ae94,302.0,0.0,0.0,203.0,0.0,974.0,817.0,14.0,18.12632404
794,65c21d0abf85afd03721ae95,302.0,0.0,0.0,203.0,0.0,974.0,817.0,180.0,26.74477404
795,65c21d0abf85afd03721ae96,525.0,0.0,0.0,189.0,0.0,1125.0,613.0,180.0,61.92183956
796,65c21d0abf85afd03721ae97,500.0,0.0,0.0,200.0,0.0,1125.0,613.0,90.0,47.22221124
797,65c21d0abf85afd03721ae98,500.0,0.0,0.0,200.0,0.0,1125.0,613.0,180.0,51.04190828
798,65c21d0abf85afd03721ae99,500.0,0.0,0.0,200.0,0.0,1125.0,613.0,270.0,55.15808
799,65c21d0abf85afd03721ae9a,540.0,0.0,0.0,173.0,0.0,1125.0,613.0,3.0,41.63745564
800,65c21d0abf85afd03721ae9b,252.0,0.0,0.0,185.0,0.0,1111.0,784.0,7.0,13.71367764
801,65c21d0abf85afd03721ae9c,252.0,0.0,0.0,185.0,0.0,1111.0,784.0,28.0,19.69143456
802,65c21d0abf85afd03721ae9d,339.0,0.0,0.0,185.0,0.0,1060.0,754.0,28.0,31.6469484
803,65c21d0abf85afd03721ae9e,393.0,0.0,0.0,192.0,0.0,940.0,758.0,3.0,19.10537996
804,65c21d0abf85afd03721ae9f,393.0,0.0,0.0,192.0,0.0,940.0,758.0,28.0,39.58281716
805,65c21d0abf85afd03721aea0,393.0,0.0,0.0,192.0,0.0,940.0,758.0,90.0,48.79421652
806,65c21d0abf85afd03721aea1,382.0,0.0,0.0,185.0,0.0,1047.0,739.0,7.0,24.00065956
807,65c21d0abf85afd03721aea2,382.0,0.0,0.0,185.0,0.0,1047.0,739.0,28.0,37.42475728
808,65c21d0abf85afd03721aea3,252.0,0.0,0.0,186.0,0.0,1111.0,784.0,7.0,11.46598588
809,65c21d0abf85afd03721aea4,252.0,0.0,0.0,185.0,0.0,1111.0,784.0,28.0,19.69143456
810,65c21d0abf85afd03721aea5,310.0,0.0,0.0,192.0,0.0,970.0,850.0,7.0,14.98920824
811,65c21d0abf85afd03721aea6,310.0,0.0,0.0,192.0,0.0,970.0,850.0,28.0,27.923778
812,65c21d0abf85afd03721aea7,310.0,0.0,0.0,192.0,0.0,970.0,850.0,90.0,34.6806428
813,65c21d0abf85afd03721aea8,310.0,0.0,0.0,192.0,0.0,970.0,850.0,180.0,37.32823064
814,65c21d0abf85afd03721aea9,310.0,0.0,0.0,192.0,0.0,970.0,850.0,360.0,38.11423328
815,65c21d0abf85afd03721aeaa,525.0,0.0,0.0,189.0,0.0,1125.0,613.0,3.0,33.79811352
816,65c21d0abf85afd03721aeab,525.0,0.0,0.0,189.0,0.0,1125.0,613.0,7.0,42.42345828
817,65c21d0abf85afd03721aeac,525.0,0.0,0.0,189.0,0.0,1125.0,613.0,14.0,48.4012152
818,65c21d0abf85afd03721aead,525.0,0.0,0.0,189.0,0.0,1125.0,613.0,28.0,55.94408264
819,65c21d0abf85afd03721aeae,525.0,0.0,0.0,189.0,0.0,1125.0,613.0,90.0,58.78472376
820,65c21d0abf85afd03721aeaf,525.0,0.0,0.0,189.0,0.0,1125.0,613.0,270.0,67.11359384
821,65c21d0abf85afd03721aeb0,322.0,0.0,0.0,203.0,0.0,974.0,800.0,14.0,20.77391188
822,65c21d0abf85afd03721aeb1,322.0,0.0,0.0,203.0,0.0,974.0,800.0,28.0,25.17966352
823,65c21d0abf85afd03721aeb2,322.0,0.0,0.0,203.0,0.0,974.0,800.0,180.0,29.58541516
824,65c21d0abf85afd03721aeb3,302.0,0.0,0.0,203.0,0.0,974.0,817.0,28.0,21.7529678
825,65c21d0abf85afd03721aeb4,397.0,0.0,0.0,185.0,0.0,1040.0,734.0,28.0,39.0932892
826,65c21d0abf85afd03721aeb5,480.0,0.0,0.0,192.0,0.0,936.0,721.0,3.0,24.39366088
827,65c21d0abf85afd03721aeb6,522.0,0.0,0.0,146.0,0.0,896.0,896.0,7.0,50.51101176
828,65c21d0abf85afd03721aeb7,522.0,0.0,0.0,146.0,0.0,896.0,896.0,28.0,74.98740976
829,65c21d0abf85afd03721aeb8,273.0,105.0,82.0,210.0,9.0,904.0,680.0,28.0,37.16965116
830,65c21d0abf85afd03721aeb9,162.0,190.0,148.0,179.0,19.0,838.0,741.0,28.0,33.75674496
831,65c21d0abf85afd03721aeba,154.0,144.0,112.0,220.0,10.0,923.0,658.0,28.0,16.49916068
832,65c21d0abf85afd03721aebb,147.0,115.0,89.0,202.0,9.0,860.0,829.0,28.0,19.98790924
833,65c21d0abf85afd03721aebc,152.0,178.0,139.0,168.0,18.0,944.0,695.0,28.0,36.34917472
834,65c21d0abf85afd03721aebd,310.0,143.0,111.0,168.0,22.0,914.0,651.0,28.0,33.68779736
835,65c21d0abf85afd03721aebe,144.0,0.0,175.0,158.0,18.0,943.0,844.0,28.0,15.41668336
836,65c21d0abf85afd03721aebf,304.0,140.0,0.0,214.0,6.0,895.0,722.0,28.0,33.41890172
837,65c21d0abf85afd03721aec0,374.0,0.0,0.0,190.0,7.0,1013.0,730.0,28.0,39.05192064
838,65c21d0abf85afd03721aec1,159.0,149.0,116.0,175.0,15.0,953.0,720.0,28.0,27.67556664
839,65c21d0abf85afd03721aec2,153.0,239.0,0.0,200.0,6.0,1002.0,684.0,28.0,26.8550902
840,65c21d0abf85afd03721aec3,310.0,143.0,0.0,168.0,10.0,914.0,804.0,28.0,45.2985732
841,65c21d0abf85afd03721aec4,305.0,0.0,100.0,196.0,10.0,959.0,705.0,28.0,30.12320644
842,65c21d0abf85afd03721aec5,151.0,0.0,184.0,167.0,12.0,991.0,772.0,28.0,15.56836808
843,65c21d0abf85afd03721aec6,142.0,167.0,130.0,174.0,11.0,883.0,785.0,28.0,44.6090972
844,65c21d0abf85afd03721aec7,298.0,137.0,107.0,201.0,6.0,878.0,655.0,28.0,53.52402188
845,65c21d0abf85afd03721aec8,321.0,164.0,0.0,190.0,5.0,870.0,774.0,28.0,57.21271848
846,65c21d0abf85afd03721aec9,366.0,187.0,0.0,191.0,7.0,824.0,757.0,28.0,65.90701084
847,65c21d0abf85afd03721aeca,280.0,129.0,100.0,172.0,9.0,825.0,805.0,28.0,52.82075636
848,65c21d0abf85afd03721aecb,252.0,97.0,76.0,194.0,8.0,835.0,821.0,28.0,33.39821744
849,65c21d0abf85afd03721aecc,165.0,0.0,150.0,182.0,12.0,1023.0,729.0,28.0,18.0297974
850,65c21d0abf85afd03721aecd,156.0,243.0,0.0,180.0,11.0,1022.0,698.0,28.0,37.36270444
851,65c21d0abf85afd03721aece,160.0,188.0,146.0,203.0,11.0,829.0,710.0,28.0,32.83974188
852,65c21d0abf85afd03721aecf,298.0,0.0,107.0,186.0,6.0,879.0,815.0,28.0,42.63719584
853,65c21d0abf85afd03721aed0,318.0,0.0,126.0,210.0,6.0,861.0,737.0,28.0,40.0585556
854,65c21d0abf85afd03721aed1,287.0,121.0,94.0,188.0,9.0,904.0,696.0,28.0,41.94082508
855,65c21d0abf85afd03721aed2,326.0,166.0,0.0,174.0,9.0,882.0,790.0,28.0,61.23236356
856,65c21d0abf85afd03721aed3,356.0,0.0,142.0,193.0,11.0,801.0,778.0,28.0,40.86524252
857,65c21d0abf85afd03721aed4,132.0,207.0,161.0,179.0,5.0,867.0,736.0,28.0,33.3016908
858,65c21d0abf85afd03721aed5,322.0,149.0,0.0,186.0,8.0,951.0,709.0,28.0,52.42086028
859,65c21d0abf85afd03721aed6,164.0,0.0,200.0,181.0,13.0,849.0,846.0,28.0,15.08573488
860,65c21d0abf85afd03721aed7,314.0,0.0,113.0,170.0,10.0,925.0,783.0,28.0,38.45897128
861,65c21d0abf85afd03721aed8,321.0,0.0,128.0,182.0,11.0,870.0,780.0,28.0,37.25928304
862,65c21d0abf85afd03721aed9,140.0,164.0,128.0,237.0,6.0,869.0,656.0,28.0,35.22532884
863,65c21d0abf85afd03721aeda,288.0,121.0,0.0,177.0,7.0,908.0,829.0,28.0,42.13387836
864,65c21d0abf85afd03721aedb,298.0,0.0,107.0,210.0,11.0,880.0,744.0,28.0,31.87447548
865,65c21d0abf85afd03721aedc,265.0,111.0,86.0,195.0,6.0,833.0,790.0,28.0,41.540929
866,65c21d0abf85afd03721aedd,160.0,250.0,0.0,168.0,12.0,1049.0,688.0,28.0,39.45181672
867,65c21d0abf85afd03721aede,166.0,260.0,0.0,183.0,13.0,859.0,827.0,28.0,37.91428524
868,65c21d0abf85afd03721aedf,276.0,116.0,90.0,180.0,9.0,870.0,768.0,28.0,44.27814872
869,65c21d0abf85afd03721aee0,322.0,0.0,116.0,196.0,10.0,818.0,813.0,28.0,31.17810472
870,65c21d0abf85afd03721aee1,149.0,139.0,109.0,193.0,6.0,892.0,780.0,28.0,23.69039536
871,65c21d0abf85afd03721aee2,159.0,187.0,0.0,176.0,11.0,990.0,789.0,28.0,32.76389952
872,65c21d0abf85afd03721aee3,261.0,100.0,78.0,201.0,9.0,864.0,761.0,28.0,32.39847724
873,65c21d0abf85afd03721aee4,237.0,92.0,71.0,247.0,6.0,853.0,695.0,28.0,28.62704352
874,65c21d0abf85afd03721aee5,313.0,0.0,113.0,178.0,8.0,1002.0,689.0,28.0,36.80422888
875,65c21d0abf85afd03721aee6,155.0,183.0,0.0,193.0,9.0,1047.0,697.0,28.0,18.28490352
876,65c21d0abf85afd03721aee7,146.0,230.0,0.0,202.0,3.0,827.0,872.0,28.0,33.0603742
877,65c21d0abf85afd03721aee8,296.0,0.0,107.0,221.0,11.0,819.0,778.0,28.0,31.41942132
878,65c21d0abf85afd03721aee9,133.0,210.0,0.0,196.0,3.0,949.0,795.0,28.0,31.02642
879,65c21d0abf85afd03721aeea,313.0,145.0,0.0,178.0,8.0,867.0,824.0,28.0,44.38846488
880,65c21d0abf85afd03721aeeb,152.0,0.0,112.0,184.0,8.0,992.0,816.0,28.0,12.17614616
881,65c21d0abf85afd03721aeec,153.0,145.0,113.0,178.0,8.0,1002.0,689.0,28.0,25.55887532
882,65c21d0abf85afd03721aeed,140.0,133.0,103.0,200.0,7.0,916.0,753.0,28.0,36.4388066
883,65c21d0abf85afd03721aeee,149.0,236.0,0.0,176.0,13.0,847.0,893.0,28.0,32.9569528
884,65c21d0abf85afd03721aeef,300.0,0.0,120.0,212.0,10.0,878.0,728.0,28.0,23.83518532
885,65c21d0abf85afd03721aef0,153.0,145.0,113.0,178.0,8.0,867.0,824.0,28.0,26.22766704
886,65c21d0abf85afd03721aef1,148.0,0.0,137.0,158.0,16.0,1002.0,830.0,28.0,17.95395504
887,65c21d0abf85afd03721aef2,326.0,0.0,138.0,199.0,11.0,801.0,792.0,28.0,40.679084
888,65c21d0abf85afd03721aef3,153.0,145.0,0.0,178.0,8.0,1000.0,822.0,28.0,19.00885332
889,65c21d0abf85afd03721aef4,262.0,111.0,86.0,195.0,5.0,895.0,733.0,28.0,33.7153764
890,65c21d0abf85afd03721aef5,158.0,0.0,195.0,220.0,11.0,898.0,713.0,28.0,8.53571288
891,65c21d0abf85afd03721aef6,151.0,0.0,185.0,167.0,16.0,1074.0,678.0,28.0,13.45857152
892,65c21d0abf85afd03721aef7,273.0,0.0,90.0,199.0,11.0,931.0,762.0,28.0,32.23989776
893,65c21d0abf85afd03721aef8,149.0,118.0,92.0,183.0,7.0,953.0,780.0,28.0,23.51802636
894,65c21d0abf85afd03721aef9,143.0,169.0,143.0,191.0,8.0,967.0,643.0,28.0,29.72331036
895,65c21d0abf85afd03721aefa,260.0,101.0,78.0,171.0,10.0,936.0,763.0,28.0,49.77327244
896,65c21d0abf85afd03721aefb,313.0,161.0,0.0,178.0,10.0,917.0,759.0,28.0,52.44154456
897,65c21d0abf85afd03721aefc,284.0,120.0,0.0,168.0,7.0,970.0,794.0,28.0,40.93419012
898,65c21d0abf85afd03721aefd,336.0,0.0,0.0,182.0,3.0,986.0,817.0,28.0,44.86420332
899,65c21d0abf85afd03721aefe,145.0,0.0,134.0,181.0,11.0,979.0,812.0,28.0,13.19657064
900,65c21d0abf85afd03721aeff,150.0,237.0,0.0,174.0,12.0,1069.0,675.0,28.0,37.43165204
901,65c21d0abf85afd03721af00,144.0,170.0,133.0,192.0,8.0,814.0,805.0,28.0,29.86810032
902,65c21d0abf85afd03721af01,331.0,170.0,0.0,195.0,8.0,811.0,802.0,28.0,56.61287436
903,65c21d0abf85afd03721af02,155.0,0.0,143.0,193.0,9.0,1047.0,697.0,28.0,12.45883132
904,65c21d0abf85afd03721af03,155.0,183.0,0.0,193.0,9.0,877.0,868.0,28.0,23.786922
905,65c21d0abf85afd03721af04,135.0,0.0,166.0,180.0,10.0,961.0,805.0,28.0,13.29309728
906,65c21d0abf85afd03721af05,266.0,112.0,87.0,178.0,10.0,910.0,745.0,28.0,39.41734292
907,65c21d0abf85afd03721af06,314.0,145.0,113.0,179.0,8.0,869.0,690.0,28.0,46.2293658
908,65c21d0abf85afd03721af07,313.0,145.0,0.0,127.0,8.0,1000.0,822.0,28.0,44.51946532
909,65c21d0abf85afd03721af08,146.0,173.0,0.0,182.0,3.0,986.0,817.0,28.0,23.73865868
910,65c21d0abf85afd03721af09,144.0,136.0,106.0,178.0,7.0,941.0,774.0,28.0,26.14492992
911,65c21d0abf85afd03721af0a,148.0,0.0,182.0,181.0,15.0,839.0,884.0,28.0,15.52010476
912,65c21d0abf85afd03721af0b,277.0,117.0,91.0,191.0,7.0,946.0,666.0,28.0,43.5748832
913,65c21d0abf85afd03721af0c,298.0,0.0,107.0,164.0,13.0,953.0,784.0,28.0,35.85964676
914,65c21d0abf85afd03721af0d,313.0,145.0,0.0,178.0,8.0,1002.0,689.0,28.0,41.05140104
915,65c21d0abf85afd03721af0e,155.0,184.0,143.0,194.0,9.0,880.0,699.0,28.0,28.98557104
916,65c21d0abf85afd03721af0f,289.0,134.0,0.0,195.0,6.0,924.0,760.0,28.0,46.24315532
917,65c21d0abf85afd03721af10,148.0,175.0,0.0,171.0,2.0,1000.0,828.0,28.0,26.91714304
918,65c21d0abf85afd03721af11,145.0,0.0,179.0,202.0,8.0,824.0,869.0,28.0,10.53519328
919,65c21d0abf85afd03721af12,313.0,0.0,0.0,178.0,8.0,1000.0,822.0,28.0,25.0969264
920,65c21d0abf85afd03721af13,136.0,162.0,126.0,172.0,10.0,923.0,764.0,28.0,29.06830816
921,65c21d0abf85afd03721af14,155.0,0.0,143.0,193.0,9.0,877.0,868.0,28.0,9.73540112
922,65c21d0abf85afd03721af15,255.0,99.0,77.0,189.0,6.0,919.0,749.0,28.0,33.79811352
923,65c21d0abf85afd03721af16,162.0,207.0,172.0,216.0,10.0,822.0,638.0,28.0,39.84481804
924,65c21d0abf85afd03721af17,136.0,196.0,98.0,199.0,6.0,847.0,783.0,28.0,26.96540636
925,65c21d0abf85afd03721af18,164.0,163.0,128.0,197.0,8.0,961.0,641.0,28.0,27.234302
926,65c21d0abf85afd03721af19,162.0,214.0,164.0,202.0,10.0,820.0,680.0,28.0,30.6472082
927,65c21d0abf85afd03721af1a,157.0,214.0,152.0,200.0,9.0,819.0,704.0,28.0,33.05347944
928,65c21d0abf85afd03721af1b,149.0,153.0,194.0,192.0,8.0,935.0,623.0,28.0,24.5798194
929,65c21d0abf85afd03721af1c,135.0,105.0,193.0,196.0,6.0,965.0,643.0,28.0,21.91154728
930,65c21d0abf85afd03721af1d,159.0,209.0,161.0,201.0,7.0,848.0,669.0,28.0,30.88163004
931,65c21d0abf85afd03721af1e,144.0,15.0,195.0,176.0,6.0,1021.0,709.0,28.0,15.340841
932,65c21d0abf85afd03721af1f,154.0,174.0,185.0,228.0,7.0,845.0,612.0,28.0,24.3385028
933,65c21d0abf85afd03721af20,167.0,187.0,195.0,185.0,7.0,898.0,636.0,28.0,23.8903434
934,65c21d0abf85afd03721af21,184.0,86.0,190.0,213.0,6.0,923.0,623.0,28.0,22.93197176
935,65c21d0abf85afd03721af22,156.0,178.0,187.0,221.0,7.0,854.0,614.0,28.0,29.41304616
936,65c21d0abf85afd03721af23,236.9,91.7,71.5,246.9,6.0,852.9,695.4,28.0,28.629801424
937,65c21d0abf85afd03721af24,313.3,0.0,113.0,178.5,8.0,1001.9,688.7,28.0,36.804918356
938,65c21d0abf85afd03721af25,154.8,183.4,0.0,193.3,9.1,1047.4,696.7,28.0,18.287661424
939,65c21d0abf85afd03721af26,145.9,230.5,0.0,202.5,3.4,827.0,871.8,28.0,32.720462532
940,65c21d0abf85afd03721af27,296.0,0.0,106.7,221.4,10.5,819.2,778.4,28.0,31.420110796
941,65c21d0abf85afd03721af28,133.1,210.2,0.0,195.7,3.1,949.4,795.3,28.0,28.937997196
942,65c21d0abf85afd03721af29,313.3,145.0,0.0,178.5,8.0,867.2,824.0,28.0,40.925226932
943,65c21d0abf85afd03721af2a,151.6,0.0,111.9,184.4,7.9,992.0,815.9,28.0,12.180972492
944,65c21d0abf85afd03721af2b,153.1,145.0,113.0,178.5,8.0,1001.9,688.7,28.0,25.559564796
945,65c21d0abf85afd03721af2c,139.9,132.6,103.3,200.3,7.4,916.0,753.4,28.0,36.443632932
946,65c21d0abf85afd03721af2d,149.5,236.0,0.0,175.8,12.6,846.8,892.7,28.0,32.96384756
947,65c21d0abf85afd03721af2e,299.8,0.0,119.8,211.5,9.9,878.2,727.6,28.0,23.835874796
948,65c21d0abf85afd03721af2f,153.1,145.0,113.0,178.5,8.0,867.2,824.0,28.0,26.233182848
949,65c21d0abf85afd03721af30,148.1,0.0,136.6,158.1,16.1,1001.8,830.1,28.0,17.959470848
950,65c21d0abf85afd03721af31,326.5,0.0,137.9,199.0,10.8,801.1,792.5,28.0,38.630650804
951,65c21d0abf85afd03721af32,152.7,144.7,0.0,178.1,8.0,999.7,822.2,28.0,19.009542796
952,65c21d0abf85afd03721af33,261.9,110.5,86.1,195.4,5.0,895.2,732.6,28.0,33.71882378
953,65c21d0abf85afd03721af34,158.4,0.0,194.9,219.7,11.0,897.7,712.9,28.0,8.536402356
954,65c21d0abf85afd03721af35,150.7,0.0,185.3,166.7,15.6,1074.5,678.0,28.0,13.461329424
955,65c21d0abf85afd03721af36,272.6,0.0,89.6,198.7,10.6,931.3,762.2,28.0,32.245413568
956,65c21d0abf85afd03721af37,149.0,117.6,91.7,182.9,7.1,953.4,780.3,28.0,23.524231644
957,65c21d0abf85afd03721af38,143.0,169.4,142.7,190.7,8.4,967.4,643.5,28.0,29.726068264
958,65c21d0abf85afd03721af39,259.9,100.6,78.4,170.6,10.4,935.7,762.9,28.0,49.77327244
959,65c21d0abf85afd03721af3a,312.9,160.5,0.0,177.6,9.6,916.6,759.5,28.0,52.446370892
960,65c21d0abf85afd03721af3b,284.0,119.7,0.0,168.3,7.2,970.4,794.2,28.0,40.934879596
961,65c21d0abf85afd03721af3c,336.5,0.0,0.0,181.9,3.4,985.8,816.8,28.0,44.868340176
962,65c21d0abf85afd03721af3d,144.8,0.0,133.6,180.8,11.1,979.5,811.5,28.0,13.202086448
963,65c21d0abf85afd03721af3e,150.0,236.8,0.0,173.8,11.9,1069.3,674.8,28.0,37.43165204
964,65c21d0abf85afd03721af3f,143.7,170.2,132.6,191.6,8.5,814.1,805.3,28.0,29.870858224
965,65c21d0abf85afd03721af40,330.5,169.6,0.0,194.9,8.1,811.0,802.3,28.0,56.619079644
966,65c21d0abf85afd03721af41,154.8,0.0,142.8,193.3,9.1,1047.4,696.7,28.0,12.459520796
967,65c21d0abf85afd03721af42,154.8,183.4,0.0,193.3,9.1,877.2,867.7,28.0,23.786922
968,65c21d0abf85afd03721af43,134.7,0.0,165.7,180.2,10.0,961.0,804.9,28.0,13.293786756
969,65c21d0abf85afd03721af44,266.2,112.3,87.5,177.9,10.4,909.7,744.5,28.0,39.421479776
970,65c21d0abf85afd03721af45,314.0,145.3,113.2,178.9,8.0,869.1,690.2,28.0,46.234192132
971,65c21d0abf85afd03721af46,312.7,144.7,0.0,127.3,8.0,999.7,822.2,28.0,44.523602176
972,65c21d0abf85afd03721af47,145.7,172.6,0.0,181.9,3.4,985.8,816.8,28.0,23.744174488
973,65c21d0abf85afd03721af48,143.8,136.3,106.2,178.1,7.5,941.5,774.3,28.0,26.147687824
974,65c21d0abf85afd03721af49,148.1,0.0,182.1,181.4,15.0,838.9,884.3,28.0,15.526310044
975,65c21d0abf85afd03721af4a,277.0,116.8,91.0,190.6,7.0,946.5,665.6,28.0,43.57833058
976,65c21d0abf85afd03721af4b,298.1,0.0,107.5,163.6,12.8,953.2,784.0,28.0,35.865852044
977,65c21d0abf85afd03721af4c,313.3,145.0,0.0,178.5,8.0,1001.9,688.7,28.0,41.053469468
978,65c21d0abf85afd03721af4d,155.2,183.9,143.2,193.8,9.2,879.6,698.5,28.0,28.991086848
979,65c21d0abf85afd03721af4e,289.0,133.7,0.0,194.9,5.5,924.1,760.1,28.0,46.247292176
980,65c21d0abf85afd03721af4f,147.8,175.1,0.0,171.2,2.2,1000.0,828.5,28.0,26.922658848
981,65c21d0abf85afd03721af50,145.4,0.0,178.9,201.7,7.8,824.0,868.7,28.0,10.535882756
982,65c21d0abf85afd03721af51,312.7,0.0,0.0,178.1,8.0,999.7,822.2,28.0,25.10382116
983,65c21d0abf85afd03721af52,136.4,161.6,125.8,171.6,10.4,922.6,764.4,28.0,29.073134492
984,65c21d0abf85afd03721af53,154.8,0.0,142.8,193.3,9.1,877.2,867.7,28.0,9.738159024
985,65c21d0abf85afd03721af54,255.3,98.8,77.0,188.6,6.5,919.0,749.3,28.0,33.798802996
986,65c21d0abf85afd03721af55,272.8,105.1,81.8,209.7,9.0,904.0,679.7,28.0,37.171030112
987,65c21d0abf85afd03721af56,162.0,190.1,148.1,178.8,18.8,838.1,741.4,28.0,33.762260768
988,65c21d0abf85afd03721af57,153.6,144.2,112.3,220.1,10.1,923.2,657.9,28.0,16.503987012
989,65c21d0abf85afd03721af58,146.5,114.6,89.3,201.9,8.8,860.0,829.5,28.0,19.98790924
990,65c21d0abf85afd03721af59,151.8,178.1,138.7,167.5,18.3,944.0,694.6,28.0,36.349864196
991,65c21d0abf85afd03721af5a,309.9,142.8,111.2,167.8,22.1,913.9,651.2,28.0,38.215586252
992,65c21d0abf85afd03721af5b,143.6,0.0,174.9,158.4,17.9,942.7,844.5,28.0,15.42357812
993,65c21d0abf85afd03721af5c,303.6,139.9,0.0,213.5,6.2,895.5,722.5,28.0,33.419591196
994,65c21d0abf85afd03721af5d,374.3,0.0,0.0,190.2,6.7,1013.2,730.4,28.0,39.056057496
995,65c21d0abf85afd03721af5e,158.6,148.9,116.0,175.1,15.0,953.3,719.7,28.0,27.681082448
996,65c21d0abf85afd03721af5f,152.6,238.7,0.0,200.0,6.3,1001.8,683.9,28.0,26.859916532
997,65c21d0abf85afd03721af60,310.0,142.8,0.0,167.9,10.0,914.3,804.0,28.0,45.304778484
998,65c21d0abf85afd03721af61,304.8,0.0,99.6,196.0,9.8,959.4,705.2,28.0,30.12320644
999,65c21d0abf85afd03721af62,150.9,0.0,183.9,166.6,11.6,991.2,772.2,28.0,15.569747032
1000,65c21d0abf85afd03721af63,141.9,166.6,129.7,173.5,10.9,882.6,785.3,28.0,44.611855104
1001,65c21d0abf85afd03721af64,297.8,137.2,106.9,201.3,6.0,878.4,655.3,28.0,53.524711356
1002,65c21d0abf85afd03721af65,321.3,164.2,0.0,190.5,4.6,870.0,774.0,28.0,57.218234288
1003,65c21d0abf85afd03721af66,366.0,187.0,0.0,191.3,6.6,824.3,756.9,28.0,65.909079268
1004,65c21d0abf85afd03721af67,279.8,128.9,100.4,172.4,9.5,825.1,804.9,28.0,52.826961644
1005,65c21d0abf85afd03721af68,252.1,97.1,75.6,193.8,8.3,835.5,821.4,28.0,33.399596392
1006,65c21d0abf85afd03721af69,164.6,0.0,150.4,181.6,11.7,1023.3,728.9,28.0,18.033934256
1007,65c21d0abf85afd03721af6a,155.6,243.5,0.0,180.3,10.7,1022.0,697.7,28.0,37.363393916
1008,65c21d0abf85afd03721af6b,160.2,188.0,146.4,203.2,11.3,828.7,709.7,28.0,35.314271244
1009,65c21d0abf85afd03721af6c,298.1,0.0,107.0,186.4,6.1,879.0,815.2,28.0,42.6440906
1010,65c21d0abf85afd03721af6d,317.9,0.0,126.5,209.7,5.7,860.5,736.6,28.0,40.06200298
1011,65c21d0abf85afd03721af6e,287.3,120.5,93.9,187.6,9.2,904.4,695.9,28.0,43.798273424
1012,65c21d0abf85afd03721af6f,325.6,166.4,0.0,174.0,8.9,881.6,790.0,28.0,61.23581094
1013,65c21d0abf85afd03721af70,355.9,0.0,141.6,193.3,11.0,801.4,778.4,28.0,40.8686899
1014,65c21d0abf85afd03721af71,132.0,206.5,160.9,178.9,5.5,866.9,735.6,28.0,33.306517132
1015,65c21d0abf85afd03721af72,322.5,148.6,0.0,185.8,8.5,951.0,709.5,28.0,52.426376088
1016,65c21d0abf85afd03721af73,164.2,0.0,200.1,181.2,12.6,849.3,846.0,28.0,15.091250688
1017,65c21d0abf85afd03721af74,313.8,0.0,112.6,169.9,10.1,925.3,782.9,28.0,38.461039708
1018,65c21d0abf85afd03721af75,321.4,0.0,127.9,182.5,11.5,870.1,779.7,28.0,37.265488324
1019,65c21d0abf85afd03721af76,139.7,163.9,127.7,236.7,5.8,868.6,655.6,28.0,35.22532884
1020,65c21d0abf85afd03721af77,288.4,121.0,0.0,177.4,7.0,907.9,829.5,28.0,42.140083644
1021,65c21d0abf85afd03721af78,298.2,0.0,107.0,209.7,11.1,879.6,744.2,28.0,31.875164956
1022,65c21d0abf85afd03721af79,264.5,111.0,86.5,195.5,5.9,832.6,790.4,28.0,41.542307952
1023,65c21d0abf85afd03721af7a,159.8,250.0,0.0,168.4,12.2,1049.3,688.2,28.0,39.455953576
1024,65c21d0abf85afd03721af7b,166.0,259.7,0.0,183.2,12.7,858.8,826.8,28.0,37.917043144
1025,65c21d0abf85afd03721af7c,276.4,116.0,90.3,179.6,8.9,870.1,768.3,28.0,44.284354004
1026,65c21d0abf85afd03721af7d,322.2,0.0,115.6,196.0,10.4,817.9,813.4,28.0,31.178794196
1027,65c21d0abf85afd03721af7e,148.5,139.4,108.6,192.7,6.1,892.4,780.0,28.0,23.696600644
1028,65c21d0abf85afd03721af7f,159.1,186.7,0.0,175.6,11.3,989.6,788.9,28.0,32.768036376
1029,65c21d0abf85afd03721af80,260.9,100.5,78.3,200.6,8.6,864.5,761.5,28.0,32.401235144
